# 시작일: 20210701,,,# 시작일: 20220701,,,# 시작일: 20230701,,,# 시작일: 20240701,,,# 시작일: 20250701,
# 종료일: 20220630,,,# 종료일: 20230630,,,# 종료일: 20240630,,,# 종료일: 20250630,,,# 종료일: 20260630,
페이지 제목 및 화면 클래스,조회수,,페이지 제목 및 화면 클래스,조회수,,페이지 제목 및 화면 클래스,조회수,,페이지 제목 및 화면 클래스,조회수,,페이지 제목 및 화면 클래스,조회수
PHOTOGRAPHER | ECO PHOTO ARCHIVE,10280.0,,PHOTOGRAPHER | ECO PHOTO ARCHIVE,5641.0,,PHOTOGRAPHER | ECO PHOTO ARCHIVE,4626.0,,PHOTOGRAPHER | ECO PHOTO ARCHIVE,7054.0,,PHOTOGRAPHER | ECO PHOTO ARCHIVE,5718.0
ECO PHOTO ARCHIVE,2962.0,,ECO PHOTO ARCHIVE,2095.0,,ECO PHOTO | ECO PHOTO ARCHIVE,1566.0,,ECO PHOTO ARCHIVE,1604.0,,ECO PHOTO ARCHIVE,1141.0
웹진 1 페이지 | ECO PHOTO ARCHIVE,1212.0,,ECO PHOTO | ECO PHOTO ARCHIVE,1915.0,,ECO PHOTO ARCHIVE,1275.0,,ECO PHOTO | ECO PHOTO ARCHIVE,1460.0,,ECO PHOTO | ECO PHOTO ARCHIVE,892.0
ECO PHOTO | ECO PHOTO ARCHIVE,1173.0,,웹진 1 페이지 | ECO PHOTO ARCHIVE,827.0,,웹진 1 페이지 | ECO PHOTO ARCHIVE,494.0,,웹진 1 페이지 | ECO PHOTO ARCHIVE,845.0,,ISSUE01_ EPA Research_온산병 사태를 사진으로 기록한 청년들 > 웹진 | ECO PHOTO ARCHIVE,400.0
사대강 | ECO PHOTO ARCHIVE,411.0,,공지사항 1 페이지 | ECO PHOTO ARCHIVE,269.0,,ISSUE40_EPA Highlight_강제윤 > 웹진 | ECO PHOTO ARCHIVE,264.0,,작가 글수정 | ECO PHOTO ARCHIVE,515.0,,웹진 1 페이지 | ECO PHOTO ARCHIVE,307.0
공지사항 1 페이지 | ECO PHOTO ARCHIVE,348.0,,ISSUE27_EPA Artist_ 정봉채 > 웹진 | ECO PHOTO ARCHIVE,169.0,,ISSUE01_ EPA Research <온산병 사태를 사진으로 기록한 청년들> > 웹진 | ECO PHOTO ARCHIVE,260.0,,ISSUE 54_ EPA FOCUS _ '콘크리트 녹색섬'을 아시나요? > 웹진 | ECO PHOTO ARCHIVE,224.0,,ISSUE 48 _ EPA Emerging Artist_청년 작가 장소영의 생태 의식 > 웹진 | ECO PHOTO ARCHIVE,252.0
ISSUE07_EPA Artist <이진경> > 웹진 | ECO PHOTO ARCHIVE,345.0,,ISSUE25_EPA Artist 박나윤_ ‘개친절’한 나윤씨의 ‘개아름다운’ 사진들 > 웹진 | ECO PHOTO ARCHIVE,152.0,,ISSUE39_EPA Artist_박종호 > 웹진 | ECO PHOTO ARCHIVE,244.0,,공지사항 1 페이지 | ECO PHOTO ARCHIVE,223.0,,박종우 :: DMZ 비무장지대 | ECO PHOTO ARCHIVE,153.0
ISSUE_01 온산병 사태를 사진으로 기록한 청년들 > 웹진 | ECO PHOTO ARCHIVE,228.0,,ISSUE01_ EPA Research <온산병 사태를 사진으로 기록한 청년들> > 웹진 | ECO PHOTO ARCHIVE,135.0,,공지사항 1 페이지 | ECO PHOTO ARCHIVE,203.0,,작가 1 페이지 | ECO PHOTO ARCHIVE,223.0,,공지사항 1 페이지 | ECO PHOTO ARCHIVE,134.0
ISSUE10_EPA Artist <김정대 작가의 야생의 실천> > 웹진 | ECO PHOTO ARCHIVE,138.0,,"ISSUE24_EPA Artist <빛을 캐는 광부 사진가, 전제훈> > 웹진 | ECO PHOTO ARCHIVE",115.0,,ISSUE38_EPA Artist_한희준 > 웹진 | ECO PHOTO ARCHIVE,121.0,,ISSUE 64 _ EPA Artist _ 김영래 > 웹진 | ECO PHOTO ARCHIVE,208.0,,ISSUE27_EPA Artist_ 정봉채_늪에 빠진 사진가 이야기 > 웹진 | ECO PHOTO ARCHIVE,131.0
ECO PHOTO | 그누보드5,130.0,,ISSUE07_EPA Artist <이진경> > 웹진 | ECO PHOTO ARCHIVE,101.0,,ISSUE37_EPA News_(재)숲과나눔 ‘1인 가구’ 사진 포트폴리오 공모 > 웹진 | ECO PHOTO ARCHIVE,110.0,,"ISSUE 66 _ 움직이는 식물도감, 현진오 소장님 > 웹진 | ECO PHOTO ARCHIVE",203.0,,ISSUE30_EPA News_4월 25일은 세계 펭귄의 날 World Penguin Day > 웹진 | ECO PHOTO ARCHIVE,118.0
ISSUE01_ EPA 연구_ 온산병 사태를 사진으로 기록한 청년들 > 웹진 | ECO PHOTO ARCHIVE,84.0,,"ISSUE02_EPA WORKS <오래된 예언, 황규태의 묵시록적인 사진> > 웹진 | ECO PHOTO ARCHIVE",96.0,,ISSUE42_EPA Artist_문선희 > 웹진 | ECO PHOTO ARCHIVE,94.0,,웹진 글수정 | ECO PHOTO ARCHIVE,200.0,,"ISSUE 66 _ 움직이는 식물도감, 현진오 소장님 > 웹진 | ECO PHOTO ARCHIVE",104.0
covid | ECO PHOTO ARCHIVE,82.0,,안홍범 :: 송광사 아카이브 | ECO PHOTO ARCHIVE,96.0,,ISSUE41_EPA Artist_임동식 > 웹진 | ECO PHOTO ARCHIVE,87.0,,ISSUE43_EPA Works_예술이 된 방사성 물질 해독제 > 웹진 | ECO PHOTO ARCHIVE,194.0,,"ISSUE 47_EPA Artist_조은_木木木, 온전히 빛나는 삶의 순간들 > 웹진 | ECO PHOTO ARCHIVE",96.0
웹진 글수정 | ECO PHOTO ARCHIVE,82.0,,"ISSUE35_EPA Works_환경의 날 기념, 숲과나눔의 에코포토아카이브 열람 > 웹진 | ECO PHOTO ARCHIVE",95.0,,이상일 :: 메멘토모리 | ECO PHOTO ARCHIVE,85.0,,ISSUE 63 _ EPA Artist _ 박정근 > 웹진 | ECO PHOTO ARCHIVE,188.0,,ISSUE 54_ EPA FOCUS _ '콘크리트 녹색섬'을 아시나요? > 웹진 | ECO PHOTO ARCHIVE,86.0
"ISSUE14_EPA News_이상일 개인전, 메멘토 모리 > 웹진 | ECO PHOTO ARCHIVE",81.0,,웹진 2 페이지 | ECO PHOTO ARCHIVE,91.0,,ISSUE07_EPA Artist <이진경> > 웹진 | ECO PHOTO ARCHIVE,78.0,,ISSUE 62 _ EPA Focus _ ‘APT.’와 appartment와 <아파-트> > 웹진 | ECO PHOTO ARCHIVE,176.0,,심규동 :: 고시텔 | ECO PHOTO ARCHIVE,74.0
갤러리 글수정 | 그누보드5,75.0,,EPA_ZINE_28_EPA NEWS_플로라 보르시 - ANIMEYED > 웹진 | ECO PHOTO ARCHIVE,75.0,,박종우 :: DMZ 비무장지대 | ECO PHOTO ARCHIVE,74.0,,ISSUE01_ EPA Research_온산병 사태를 사진으로 기록한 청년들 > 웹진 | ECO PHOTO ARCHIVE,172.0,,"ISSUE24_EPA Artist, 전제훈_빛을 캐는 광부 사진가 > 웹진 | ECO PHOTO ARCHIVE",71.0
"ISSUE 05_EPA NEWS, <2021년 올해의 사진에 선정 된 임안나 작가의 사진> > 웹진 | ECO PHOTO ARCHIVE",74.0,,박정근 :: 해녀보다 빨리 늙는 바다 | ECO PHOTO ARCHIVE,75.0,,"ISSUE24_EPA Artist <빛을 캐는 광부 사진가, 전제훈> > 웹진 | ECO PHOTO ARCHIVE",67.0,,ISSUE 58_ EPA Focus _ 그린 인 라이브러리 > 웹진 | ECO PHOTO ARCHIVE,162.0,,노순택 :: 감전 | ECO PHOTO ARCHIVE,62.0
강재훈 :: 스스로 그러하다 | ECO PHOTO ARCHIVE,67.0,,EPA_ZINE_21_EPA Artist_ <김순임> > 웹진 | ECO PHOTO ARCHIVE,74.0,,"ISSUE31_EPA News <전시장으로 옮겨 온 기후범죄 재판소 : ""멸종 전쟁"" 제14회 광주비엔날레 네덜란드 파빌리온> > 웹진 | ECO PHOTO ARCHIVE",54.0,,ISSUE 48 _ EPA Emerging Artist_청년 작가 장소영의 생태 의식 > 웹진 | ECO PHOTO ARCHIVE,145.0,,"ISSUE46_EPA Artist_심규동_나 홀로 집에 - 한국편, 온빛사진상 타다! > 웹진 | ECO PHOTO ARCHIVE",61.0
ISSUE_02 오래된 예언 _ 황규태의 묵시록적인 사진 > 웹진 | ECO PHOTO ARCHIVE,66.0,,gp | ECO PHOTO ARCHIVE,62.0,,박정근 :: 해녀보다 빨리 늙는 바다 | ECO PHOTO ARCHIVE,52.0,,ISSUE30_EPA News_4월 25일은 세계 펭귄의 날 World Penguin Day > 웹진 | ECO PHOTO ARCHIVE,143.0,,ISSUE07_EPA Artist_이진경 작가의 진경산수 > 웹진 | ECO PHOTO ARCHIVE,58.0
ISSUE09_EPA 한국 환경 이슈 <또 다시 새만금 > > 웹진 | ECO PHOTO ARCHIVE,62.0,,"ISSUE32_EPA Works_자연의 모습을 기억하기, 알기, 보여주기 > 웹진 | ECO PHOTO ARCHIVE",55.0,,최형락 :: 혼자 사는 청년들 | ECO PHOTO ARCHIVE,49.0,,ISSUE 65 _ 영희와 고양이 마을 이야기 > 웹진 | ECO PHOTO ARCHIVE,142.0,,"ISSUE31_EPA News_전시장으로 옮겨 온 기후범죄 재판소 : ""멸종 전쟁"" > 웹진 | ECO PHOTO ARCHIVE",58.0
"ISSUE 02_작품 소개_ 오래된 예언, 황규태의 묵시록적인 사진 > 웹진 | ECO PHOTO ARCHIVE",60.0,,"성남훈 :: 베트남, 노천탄광 | ECO PHOTO ARCHIVE",53.0,,"EPA_ZINE_19_EPA NEWS_한성필 개인전, <표면의 이면 Inverted Surfaces> > 웹진 | ECO PHOTO ARCHIVE",48.0,,ISSUE_60_웰컴 2025! 숲과나눔의 <우리바다> > 웹진 | ECO PHOTO ARCHIVE,134.0,,작가 글수정 | ECO PHOTO ARCHIVE,53.0
그누보드5,59.0,,ISSUE16_EPA Artist_동물사진가 박찬원 > 웹진 | ECO PHOTO ARCHIVE,52.0,,웹진 2 페이지 | ECO PHOTO ARCHIVE,48.0,,"침묵의 벽', 새들이 잠든 곳_ISSUE 48 _ 청년 작가 장소영의 생태 의식 > 웹진 | ECO PHOTO ARCHIVE",130.0,,ISSUE41_EPA Artist_임동식_이끼를 들어 올려라! > 웹진 | ECO PHOTO ARCHIVE,51.0
"ISSUE_04 에코포토아카이브 뉴스 _ <사진, 지구를 대신하여 인류에게 경고하다> > 웹진 | ECO PHOTO ARCHIVE",57.0,,"ISSUE31_EPA News <전시장으로 옮겨 온 기후범죄 재판소 : ""멸종 전쟁"" 제14회 광주비엔날레 네덜란드 파빌리온> > 웹진 | ECO PHOTO ARCHIVE",52.0,,"ISSUE02_EPA WORKS <오래된 예언, 황규태의 묵시록적인 사진> > 웹진 | ECO PHOTO ARCHIVE",46.0,,"ISSUE 55 _ EPA Artist _ 청년농부 사진가, 김일목의 사진 농사 이야기 > 웹진 | ECO PHOTO ARCHIVE",128.0,,안홍범 :: 송광사 아카이브 | ECO PHOTO ARCHIVE,48.0
ISSUE08_EPA Docu <2011년 3월 11일 14시 46분 > > 웹진 | ECO PHOTO ARCHIVE,54.0,,박종우 :: DMZ 비무장지대 | ECO PHOTO ARCHIVE,51.0,,ISSUE25_EPA Artist 박나윤_ ‘개친절’한 나윤씨의 ‘개아름다운’ 사진들 > 웹진 | ECO PHOTO ARCHIVE,41.0,,ISSUE 57 _ EPA Artist _ 청주의 기억을 발굴하는 '이재복' 작가 > 웹진 | ECO PHOTO ARCHIVE,126.0,,이재용 :: 정미소 | ECO PHOTO ARCHIVE,48.0
환경사진아카이브 이용약관 > 공지사항 | ECO PHOTO ARCHIVE,53.0,,ISSUE15 EPA Inter-View _ <백령도 점박이물범 지킴이 박정운> > 웹진 | ECO PHOTO ARCHIVE,45.0,,작가 1 페이지 | ECO PHOTO ARCHIVE,40.0,,웹진 2 페이지 | ECO PHOTO ARCHIVE,118.0,,ISSUE33_EPA Artist_ 안홍범_송광사의 승경(勝景)을 담다. > 웹진 | ECO PHOTO ARCHIVE,46.0
이상일 :: 메멘토모리 | ECO PHOTO ARCHIVE,51.0,,ISSUE29_EPA Artist 김언지 > 웹진 | ECO PHOTO ARCHIVE,45.0,,ISSUE10_EPA Artist <김정대 작가의 야생의 실천> > 웹진 | ECO PHOTO ARCHIVE,38.0,,안홍범 :: 송광사 아카이브 | ECO PHOTO ARCHIVE,109.0,,한성필 :: 사람의 땅 | ECO PHOTO ARCHIVE,46.0
강재훈 :: 송전탑 | ECO PHOTO ARCHIVE,50.0,,ISSUE33_EPA Artist 안홍범 > 웹진 | ECO PHOTO ARCHIVE,43.0,,작가 글답변 | ECO PHOTO ARCHIVE,38.0,,ISSUE 61 _ EPA Works _ 코로나는 어디로 갔나요? > 웹진 | ECO PHOTO ARCHIVE,108.0,,ISSUE 51_EPA Focus_호랑이가 미술관으로 온 까닭은? > 웹진 | ECO PHOTO ARCHIVE,40.0
ISSUE13_EPA 한국 환경 이슈 <매향리(梅香里)에는 매화꽃이 있다? 없다!> > 웹진 | ECO PHOTO ARCHIVE,48.0,,강재훈 :: 인간의 땅 | ECO PHOTO ARCHIVE,43.0,,ISSUE33_EPA Artist 안홍범 > 웹진 | ECO PHOTO ARCHIVE,37.0,,"나 홀로 집에 - 한국편, 온빛사진상 타다! ISSUE46_EPA Artist_심규동 > 웹진 | ECO PHOTO ARCHIVE",106.0,,ISSUE15_ EPA Inter-View_백령도 점박이물범 지킴이 박정운 > 웹진 | ECO PHOTO ARCHIVE,40.0
거리의 기술 | ECO PHOTO ARCHIVE,47.0,,노순택 :: 고장난섬 | ECO PHOTO ARCHIVE,43.0,,강진주 :: 채소도감 | ECO PHOTO ARCHIVE,35.0,,강재훈 :: 인간의 땅 | ECO PHOTO ARCHIVE,91.0,,한성필 :: 아름다운 지구 | ECO PHOTO ARCHIVE,40.0
강재훈 :: 사람의 마을 | ECO PHOTO ARCHIVE,46.0,,"EPA_ZINE_19_EPA NEWS_한성필 개인전, <표면의 이면 Inverted Surfaces> > 웹진 | ECO PHOTO ARCHIVE",42.0,,"ISSUE35_EPA Works_환경의 날 기념, 숲과나눔의 에코포토아카이브 열람 > 웹진 | ECO PHOTO ARCHIVE",34.0,,"ISSUE44_EPA News_ 밥상 잘 차려주는 언니, 마침내 큰 ‘상’을 받다. > 웹진 | ECO PHOTO ARCHIVE",90.0,,윤정미 :: 반려동물 | ECO PHOTO ARCHIVE,39.0
노순택 :: 플라스틱전원일기 | ECO PHOTO ARCHIVE,46.0,,강재훈 :: 스스로 그러하다 | ECO PHOTO ARCHIVE,40.0,,"성남훈 :: 인도네시아, 주석광산 | ECO PHOTO ARCHIVE",33.0,,웹진 3 페이지 | ECO PHOTO ARCHIVE,90.0,,ISSUE 64 _ EPA Artist _ 김영래 > 웹진 | ECO PHOTO ARCHIVE,37.0
PHOTOGRAPHER | 그누보드5,45.0,,온산 | ECO PHOTO ARCHIVE,40.0,,작가 글수정 | ECO PHOTO ARCHIVE,32.0,,"ISSUE 52_EPA Artist_유령의 집, 조현택의 카메라옵스큐라 > 웹진 | ECO PHOTO ARCHIVE",86.0,,"ISSUE35_EPA Works_환경의 날 기념, 숲과나눔의 에코포토아카이브 열람 > 웹진 | ECO PHOTO ARCHIVE",37.0
ISSUE01_ EPA Research <온산병 사태를 사진으로 기록한 청년들> > 웹진 | ECO PHOTO ARCHIVE,43.0,,조선희 :: 빙하가 죽어간다 | ECO PHOTO ARCHIVE,40.0,,강재훈 :: 스스로 그러하다 | ECO PHOTO ARCHIVE,31.0,,ISSUE 51_EPA Focus_호랑이가 미술관으로 온 까닭은? > 웹진 | ECO PHOTO ARCHIVE,84.0,,이재용 :: 초충도 | ECO PHOTO ARCHIVE,36.0
조선희 :: 돌아온쓰레기 | ECO PHOTO ARCHIVE,43.0,,하지권 :: 숲과절 | ECO PHOTO ARCHIVE,40.0,,노순택 :: 고장난섬 | ECO PHOTO ARCHIVE,31.0,,ISSUE07_EPA Artist_이진경 작가의 진경산수 > 웹진 | ECO PHOTO ARCHIVE,84.0,,ISSUE16_EPA Artist_동물사진가 박찬원의 울림과 떨림 > 웹진 | ECO PHOTO ARCHIVE,34.0
"ISSUE12_EPA Monument《그리고,,, 아무것도 하지 않았다》 > 웹진 | ECO PHOTO ARCHIVE",42.0,,박종우 | ECO PHOTO ARCHIVE,37.0,,에코포토기획 1 페이지 | ECO PHOTO ARCHIVE,31.0,,ISSUE27_EPA Artist_ 정봉채_늪에 빠진 사진가 이야기 > 웹진 | ECO PHOTO ARCHIVE,82.0,,이상일 :: 메멘토모리 | ECO PHOTO ARCHIVE,34.0
금혜원 :: Urban Depth | ECO PHOTO ARCHIVE,42.0,,ISSUE03 _EPA NEWS <안홍범 작가의 풍경 사진> > 웹진 | ECO PHOTO ARCHIVE,36.0,,웹진 3 페이지 | ECO PHOTO ARCHIVE,30.0,,ISSUE 53 _ EPA FOCUS _ 돌아가고 싶은 고향이 있습니까? > 웹진 | ECO PHOTO ARCHIVE,79.0,,김영래 :: 갯벌이야기 | ECO PHOTO ARCHIVE,31.0
문선희 :: 묻다 | ECO PHOTO ARCHIVE,42.0,,조선희 :: 돌아온쓰레기 | ECO PHOTO ARCHIVE,36.0,,"정주하 :: 불안, 불-안 | ECO PHOTO ARCHIVE",30.0,,"ISSUE 59 _ EPA News _ 41.6% 1인가구, 나 홀로 집에 > 웹진 | ECO PHOTO ARCHIVE",77.0,,이성수 | ECO PHOTO ARCHIVE,31.0
강재훈 :: 사대강 | ECO PHOTO ARCHIVE,41.0,,ISSUE23_EPA News <2022 담양아트위크 “유유자적(悠悠自適)” 전시에 참여한 EPA작가들> > 웹진 | ECO PHOTO ARCHIVE,33.0,,"ISSUE14_EPA News_이상일 개인전, 메멘토 모리 > 웹진 | ECO PHOTO ARCHIVE",29.0,,"ISSUE 50_EPA Artist_여수 바다와 사랑에 빠진 사람, 임영기 작가 > 웹진 | ECO PHOTO ARCHIVE",76.0,,ISSUE 57 _ EPA Artist _ 청주의 기억을 발굴하는 '이재복' 작가 > 웹진 | ECO PHOTO ARCHIVE,29.0
노순택 :: 감전 | ECO PHOTO ARCHIVE,41.0,,환경사진아카이브 저작권정책 > 공지사항 | ECO PHOTO ARCHIVE,33.0,,안홍범 :: 송광사 아카이브 | ECO PHOTO ARCHIVE,28.0,,ISSUE 56_ EPA Focus _ 미래에서 온 원숭이들 > 웹진 | ECO PHOTO ARCHIVE,75.0,,김정대 :: 누가 그들을 이렇게 경이롭게 했는가 | ECO PHOTO ARCHIVE,29.0
웹진 글쓰기 | ECO PHOTO ARCHIVE,41.0,,EPA_ZINE_20_EPA NEWS_<Museum Project>를 선보인 임준영 작가 > 웹진 | ECO PHOTO ARCHIVE,32.0,,강홍구 :: 은평 뉴타운 | ECO PHOTO ARCHIVE,27.0,,ISSUE41_EPA Artist_임동식_이끼를 들어 올려라! > 웹진 | ECO PHOTO ARCHIVE,73.0,,숲 | ECO PHOTO ARCHIVE,29.0
"2021년 여름, 전남 화순군 춘양면9 > 갤러리 | 그누보드5",40.0,,노순택 :: 플라스틱전원일기 | ECO PHOTO ARCHIVE,32.0,,온산 | ECO PHOTO ARCHIVE,26.0,,작가 2 페이지 | ECO PHOTO ARCHIVE,64.0,,ISSUE10_EPA Artist_김정대_스티로폼 위에 핀 꽃 > 웹진 | ECO PHOTO ARCHIVE,28.0
강재훈 :: 인간의 땅 | ECO PHOTO ARCHIVE,40.0,,이건영 :: PL.A.NET | ECO PHOTO ARCHIVE,32.0,,강재훈 :: 송전탑 | ECO PHOTO ARCHIVE,25.0,,"ISSUE46_EPA Artist_심규동_나 홀로 집에 - 한국편, 온빛사진상 타다! > 웹진 | ECO PHOTO ARCHIVE",63.0,,ISSUE38_EPA Artist_한희준_2100년에 꼭 봐야 할 사진 > 웹진 | ECO PHOTO ARCHIVE,28.0
조현택 :: 빈방 | ECO PHOTO ARCHIVE,40.0,,EPA_ZINE_25_EPA NEWS_잃어버린 것을 찾아서 > 웹진 | ECO PHOTO ARCHIVE,31.0,,조선희 :: 돌아온쓰레기 | ECO PHOTO ARCHIVE,25.0,,사대강 | ECO PHOTO ARCHIVE,62.0,,"ISSUE39_EPA Artist_박종호_김밥을 마는 사진가, 박종호의 태백 사랑 > 웹진 | ECO PHOTO ARCHIVE",28.0
금혜원 :: Cloud Shadow Spirit | ECO PHOTO ARCHIVE,39.0,,금혜원 :: Cloud Shadow Spirit | ECO PHOTO ARCHIVE,31.0,,최형락 :: 밀양 | ECO PHOTO ARCHIVE,24.0,,"ISSUE31_EPA News_전시장으로 옮겨 온 기후범죄 재판소 : ""멸종 전쟁"" > 웹진 | ECO PHOTO ARCHIVE",60.0,,ISSUE42_EPA Artist_문선희_고라니가 우리를 바라본다. > 웹진 | ECO PHOTO ARCHIVE,28.0
강진주 :: 채소도감 | ECO PHOTO ARCHIVE,37.0,,채소 | ECO PHOTO ARCHIVE,31.0,,최형락 :: 영주댐과 4대강 | ECO PHOTO ARCHIVE,24.0,,"ISSUE24_EPA Artist, 전제훈_빛을 캐는 광부 사진가 > 웹진 | ECO PHOTO ARCHIVE",58.0,,박형근 :: 간척지 | ECO PHOTO ARCHIVE,28.0
이기명 :: 어구를 거두는 사람들 | ECO PHOTO ARCHIVE,37.0,,강진주 :: 채소도감 | ECO PHOTO ARCHIVE,30.0,,하지권 :: 숲과절 | ECO PHOTO ARCHIVE,24.0,,심규동 :: 고시텔 | ECO PHOTO ARCHIVE,57.0,,이재용 :: 미러 | ECO PHOTO ARCHIVE,28.0
불안 이동 | ECO PHOTO ARCHIVE,36.0,,산 | ECO PHOTO ARCHIVE,30.0,,ISSUE15 EPA Inter-View _ <백령도 점박이물범 지킴이 박정운> > 웹진 | ECO PHOTO ARCHIVE,23.0,,ISSUE 49_EPA Exhibition_우리가 인디언으로 알던 사람들 > 웹진 | ECO PHOTO ARCHIVE,56.0,,조대연 :: 남쪽의 시간 | ECO PHOTO ARCHIVE,28.0
조선희 :: 빙하가 죽어간다 | ECO PHOTO ARCHIVE,36.0,,웹진 글수정 | ECO PHOTO ARCHIVE,30.0,,ISSUE36_EPA News_0.1cm 극지로 떠난 예술가들_박홍순 작가 참여 > 웹진 | ECO PHOTO ARCHIVE,22.0,,"밥상 잘 차려주는 언니, 마침내 큰 ‘상’을 받다. ISSUE44_EPA News > 웹진 | ECO PHOTO ARCHIVE",56.0,,최광호 :: 포토그램 | ECO PHOTO ARCHIVE,27.0
ISSUE15 EPA Inter-View / <백령도 점박이물범 지킴이 박정운> > 웹진 | ECO PHOTO ARCHIVE,34.0,,EPA_ZINE_17_EPA NEWS _ 국립현대미술관 다원예술 2022 《미술관-탄소-프로젝트》개최 > 웹진 | ECO PHOTO ARCHIVE,29.0,,강재훈 :: 인간의 땅 | ECO PHOTO ARCHIVE,22.0,,작가 4 페이지 | ECO PHOTO ARCHIVE,54.0,,노순택 :: 플라스틱 전원일기 | ECO PHOTO ARCHIVE,26.0
강진주 :: 쌀을 닮다 | ECO PHOTO ARCHIVE,34.0,,노순택 :: 감전 | ECO PHOTO ARCHIVE,29.0,,박형근 :: 간척지 | ECO PHOTO ARCHIVE,22.0,,예술이 된 방사성 물질 해독제 ISSUE43_EPA Works > 웹진 | ECO PHOTO ARCHIVE,53.0,,박정근 :: 해녀보다 빨리 늙는 바다 | ECO PHOTO ARCHIVE,26.0
노순택 :: 코로나오는풍경 | ECO PHOTO ARCHIVE,34.0,,정봉채 :: 우포늪을 보다 | ECO PHOTO ARCHIVE,29.0,,임안나 :: 코로나 19 모아유치원 | ECO PHOTO ARCHIVE,22.0,,웹진 4 페이지 | ECO PHOTO ARCHIVE,52.0,,이재용 :: 시티스케이프 | ECO PHOTO ARCHIVE,26.0
조우혜 :: HebeiTaean | ECO PHOTO ARCHIVE,34.0,,최형락 :: 영주댐과 4대강 | ECO PHOTO ARCHIVE,29.0,,"조대연 :: 아름답고 슬픈 풍경, 새만금 | ECO PHOTO ARCHIVE",22.0,,작가 3 페이지 | ECO PHOTO ARCHIVE,52.0,,웹진 2 페이지 | ECO PHOTO ARCHIVE,25.0
금혜원 :: Blue Territory | ECO PHOTO ARCHIVE,33.0,,웹진 글쓰기 | ECO PHOTO ARCHIVE,28.0,,최형락 :: 동일본대지진 | ECO PHOTO ARCHIVE,22.0,,ISSUE19_EPA NEWS_한성필의 <표면의 이면 Inverted Surfaces> > 웹진 | ECO PHOTO ARCHIVE,51.0,,작가 1 페이지 | ECO PHOTO ARCHIVE,25.0
에코포토 1 페이지 | ECO PHOTO ARCHIVE,33.0,,ISSUE13_EPA 한국 환경 이슈 <매향리(梅香里)에는 매화꽃이 있다? 없다!> > 웹진 | ECO PHOTO ARCHIVE,27.0,,ISSUE26_EPA NEWS_잃어버린 것을 찾아서 > 웹진 | ECO PHOTO ARCHIVE,21.0,,ISSUE10_EPA Artist_김정대_스티로폼 위에 핀 꽃 > 웹진 | ECO PHOTO ARCHIVE,50.0,,"정주하 :: 불안, 불-안 | ECO PHOTO ARCHIVE",25.0
작가 1 페이지 | ECO PHOTO ARCHIVE,33.0,,ISSUE22_EPA Artist <임채욱> > 웹진 | ECO PHOTO ARCHIVE,27.0,,강진주 :: 쌀을 닮다 | ECO PHOTO ARCHIVE,21.0,,환경 | ECO PHOTO ARCHIVE,49.0,,ISSUE11_EPA Re-View_대지의 시간 (Time of the Earth) > 웹진 | ECO PHOTO ARCHIVE,24.0
"ISSUE_04 EPA NEWS _ <사진, 지구를 대신하여 인류에게 경고하다> 1 > 웹진 | ECO PHOTO ARCHIVE",32.0,,강홍구 :: 은평 뉴타운 | ECO PHOTO ARCHIVE,27.0,,금혜원 :: Cloud Shadow Spirit | ECO PHOTO ARCHIVE,21.0,,안홍범 :: dmz | ECO PHOTO ARCHIVE,47.0,,강홍구 :: 은평 뉴타운 | ECO PHOTO ARCHIVE,24.0
노순택 :: 고장난섬 | ECO PHOTO ARCHIVE,32.0,,황규태 :: 황규태 시리즈 | ECO PHOTO ARCHIVE,27.0,,박형근 :: 곶자왈 | ECO PHOTO ARCHIVE,21.0,,"EPA_ZINE_45_EPA News_ 사진 속으로 숨은 서울, 끝내 사진이 된 서울 > 웹진 | ECO PHOTO ARCHIVE",45.0,,김정대 :: 21세기 이스터 섬에서 고도를 기다리며 | ECO PHOTO ARCHIVE,24.0
최광호 :: 포토그램 | ECO PHOTO ARCHIVE,32.0,,"EPA_ZINE_18_EPA NEWS ""기후 위기 시대 미술관 친환경 실천!"" > 웹진 | ECO PHOTO ARCHIVE",26.0,,"성남훈 :: 한국, 철새도래지 | ECO PHOTO ARCHIVE",21.0,,"ISSUE 47_EPA Artist_조은_木木木, 온전히 빛나는 삶의 순간들 > 웹진 | ECO PHOTO ARCHIVE",45.0,,"ISSUE02_EPA Artist_황규태, 오래된 예언 > 웹진 | ECO PHOTO ARCHIVE",23.0
한성필 :: 아름다운 지구 | ECO PHOTO ARCHIVE,32.0,,"ISSUE14_EPA News_이상일 개인전, 메멘토 모리 > 웹진 | ECO PHOTO ARCHIVE",26.0,,ISSUE22_EPA Artist <임채욱> > 웹진 | ECO PHOTO ARCHIVE,20.0,,태안 | ECO PHOTO ARCHIVE,42.0,,"ISSUE21_EPA Artist_ 자연을 먹고 마시는 자연 예술가, 김순임 > 웹진 | ECO PHOTO ARCHIVE",23.0
ISSUE 06_EPA NEWS_ <청년 사진작가 이희망> > 웹진 | ECO PHOTO ARCHIVE,31.0,,정주하 :: 빼앗긴 들에도 봄은 오는가 | ECO PHOTO ARCHIVE,26.0,,ISSUE29_EPA Artist 김언지 > 웹진 | ECO PHOTO ARCHIVE,20.0,,새만금 | ECO PHOTO ARCHIVE,41.0,,박형근 :: 곶자왈 숲의 기록 | ECO PHOTO ARCHIVE,23.0
박형근 :: 곶자왈 | ECO PHOTO ARCHIVE,31.0,,안홍범 :: dmz | ECO PHOTO ARCHIVE,25.0,,금혜원 :: Blue Territory | ECO PHOTO ARCHIVE,20.0,,작가 6 페이지 | ECO PHOTO ARCHIVE,41.0,,이재용 :: 숲 | ECO PHOTO ARCHIVE,23.0
에코포토기획 1 페이지 | ECO PHOTO ARCHIVE,31.0,,이기명 :: 어구를 거두는 사람들 | ECO PHOTO ARCHIVE,25.0,,노순택 :: 플라스틱전원일기 | ECO PHOTO ARCHIVE,20.0,,"ISSUE29_EPA Artist 김언지_사라지는 것들을 향한 엘레지, 김언지 작가의 ""숨, 결"" > 웹진 | ECO PHOTO ARCHIVE",39.0,,장소영 :: 겨울깃 | ECO PHOTO ARCHIVE,23.0
윤창수 | ECO PHOTO ARCHIVE,31.0,,이상일 :: 메멘토모리 | ECO PHOTO ARCHIVE,25.0,,박종우 :: 가나 전자쓰레기 | ECO PHOTO ARCHIVE,20.0,,박정근 :: 해녀보다 빨리 늙는 바다 | ECO PHOTO ARCHIVE,39.0,,조선희 :: 돌아온쓰레기 | ECO PHOTO ARCHIVE,23.0
"ISSUE_04 EPA NEWS _ <사진, 지구를 대신하여 인류에게 경고하다> > 웹진 | ECO PHOTO ARCHIVE",30.0,,ISSUE10_EPA Artist <김정대 작가의 야생의 실천> > 웹진 | ECO PHOTO ARCHIVE,24.0,,강홍구 :: 미키네집과 수련자 | ECO PHOTO ARCHIVE,19.0,,강재훈 :: 스스로 그러하다 | ECO PHOTO ARCHIVE,38.0,,ISSUE 65 _ 영희와 고양이 마을 이야기 > 웹진 | ECO PHOTO ARCHIVE,22.0
강홍구 :: 은평 뉴타운 | ECO PHOTO ARCHIVE,30.0,,ISSUE36_EPA News_0.1cm 극지로 떠난 예술가들_박홍순 작가 참여 > 웹진 | ECO PHOTO ARCHIVE,24.0,,"성남훈 :: 중국, 차칸노르호수 사막화장지 | ECO PHOTO ARCHIVE",19.0,,작가 5 페이지 | ECO PHOTO ARCHIVE,38.0,,최광호 :: 70-80년대 한국의 풍경 | ECO PHOTO ARCHIVE,22.0
박종우 :: DMZ 비무장지대 | ECO PHOTO ARCHIVE,30.0,,문선희 :: 묻다 | ECO PHOTO ARCHIVE,24.0,,작가 글쓰기 | ECO PHOTO ARCHIVE,19.0,,"ISSUE02_EPA Artist_황규태, 오래된 예언 > 웹진 | ECO PHOTO ARCHIVE",36.0,,최광호 :: 쓰레기 매립 | ECO PHOTO ARCHIVE,22.0
박형근 :: 간척지 | ECO PHOTO ARCHIVE,30.0,,한성필 :: 아름다운 지구 | ECO PHOTO ARCHIVE,24.0,,장재연 :: 생명의 고향으로 800번의 귀향 | ECO PHOTO ARCHIVE,19.0,,이상일 :: 메멘토모리 | ECO PHOTO ARCHIVE,34.0,,최광호 :: 허수아비 | ECO PHOTO ARCHIVE,22.0
방명주 :: 부뚜막꽃 | ECO PHOTO ARCHIVE,30.0,,박종우 :: 가나 전자쓰레기 | ECO PHOTO ARCHIVE,23.0,,한성필 :: Ground Cloud | ECO PHOTO ARCHIVE,19.0,,안홍범 :: 추자도 | ECO PHOTO ARCHIVE,33.0,,ISSUE25_EPA Artist 박나윤_‘개친절’한 나윤씨의 ‘개아름다운’ 사진들 > 웹진 | ECO PHOTO ARCHIVE,21.0
ISSUE11_EPA Re-View《대지의 시간 Time of the Earth》 > 웹진 | ECO PHOTO ARCHIVE,29.0,,박형근 :: 간척지 | ECO PHOTO ARCHIVE,23.0,,"ISSUE12_EPA Monument《그리고,,, 아무것도 하지 않았다》 > 웹진 | ECO PHOTO ARCHIVE",18.0,,정봉채 :: 우포늪을 보다 | ECO PHOTO ARCHIVE,33.0,,"ISSUE45_EPA News_사진 속으로 숨은 서울, 끝내 사진이 된 서울 > 웹진 | ECO PHOTO ARCHIVE",21.0
박정근 :: 해녀보다 빨리 늙는 바다 | ECO PHOTO ARCHIVE,29.0,,신웅재 :: The Loop of Pandemic | ECO PHOTO ARCHIVE,23.0,,ISSUE27_EPA Artist_ 정봉채 > 웹진 | ECO PHOTO ARCHIVE,18.0,,"ISSUE14_EPA News, 온산을 기억하나요? 이상일의 메멘토모리 > 웹진 | ECO PHOTO ARCHIVE",31.0,,박형근 :: 안양 만안구 재개발 | ECO PHOTO ARCHIVE,21.0
사대강 | 그누보드5,29.0,,"정주하 :: 불안, 불-안 | ECO PHOTO ARCHIVE",23.0,,금혜원 :: Urban Depth | ECO PHOTO ARCHIVE,18.0,,"木木木와 더불어 온전히 빛나는 삶의 순간들, ISSUE 47_EPA Artist_조은의 작품들 > 웹진 | ECO PHOTO ARCHIVE",31.0,,새만금 | ECO PHOTO ARCHIVE,21.0
임안나 :: 코로나 19 모아유치원 | ECO PHOTO ARCHIVE,29.0,,ISSUE34_EPA Works_세상의 모든 알바트로스에게 > 웹진 | ECO PHOTO ARCHIVE,22.0,,리일천 :: 코로나 광주 | ECO PHOTO ARCHIVE,18.0,,노순택 :: 고장난섬 | ECO PHOTO ARCHIVE,30.0,,이건영 :: The white shaded backyard | ECO PHOTO ARCHIVE,21.0
한성필 :: 북극과 남극 | ECO PHOTO ARCHIVE,29.0,,금혜원 :: Blue Territory | ECO PHOTO ARCHIVE,22.0,,문선희 :: 묻다 | ECO PHOTO ARCHIVE,18.0,,웹진 글쓰기 | ECO PHOTO ARCHIVE,30.0,,한희준 :: 플라스틱Plastic | ECO PHOTO ARCHIVE,21.0
ISSUE_03 작가 활동 소식 _ 안홍범의 풍경사진 > 웹진 | ECO PHOTO ARCHIVE,28.0,,박부곤 :: Tracking | ECO PHOTO ARCHIVE,22.0,,"성남훈 :: 한국, 기름유출사고 | ECO PHOTO ARCHIVE",18.0,,하지권 :: 숲과절 | ECO PHOTO ARCHIVE,30.0,,"ISSUE 50_EPA Artist_여수 바다와 사랑에 빠진 사람, 임영기 작가 > 웹진 | ECO PHOTO ARCHIVE",20.0
"ISSUE_04 EPA NEWS _ <사진, 지구를 대신하여 인류에게 경고하다> 2 > 웹진 | ECO PHOTO ARCHIVE",28.0,,작가 1 페이지 | ECO PHOTO ARCHIVE,22.0,,엑셀 업로드 | ECO PHOTO ARCHIVE,18.0,,ISSUE25_EPA Artist 박나윤_‘개친절’한 나윤씨의 ‘개아름다운’ 사진들 > 웹진 | ECO PHOTO ARCHIVE,29.0,,강진주 :: 쌀을 닮다 | ECO PHOTO ARCHIVE,20.0
환경 | ECO PHOTO ARCHIVE,28.0,,한성필 :: Iceland Whaling Sites | ECO PHOTO ARCHIVE,22.0,,조대연 :: 남쪽의 시간 | ECO PHOTO ARCHIVE,18.0,,파괴 | ECO PHOTO ARCHIVE,27.0,,강홍구 :: 오쇠리 풍경 | ECO PHOTO ARCHIVE,20.0
ISSUE15 EPA Inter-View _ <백령도 점박이물범 지킴이 박정운> > 웹진 | ECO PHOTO ARCHIVE,27.0,,강재훈 :: 사람의 마을 | ECO PHOTO ARCHIVE,21.0,,최광호 :: 70-80년대 한국의 풍경 | ECO PHOTO ARCHIVE,18.0,,"침묵의 벽', 새들이 잠든 곳_ISSUE 48 > 웹진 | ECO PHOTO ARCHIVE",25.0,,이건영 :: PL.A.NET | ECO PHOTO ARCHIVE,20.0
나무 | ECO PHOTO ARCHIVE,27.0,,금혜원 :: Urban Depth | ECO PHOTO ARCHIVE,21.0,,ISSUE30_EPA News <4월 25일은 세계 펭귄의 날 World Penguin Day> > 웹진 | ECO PHOTO ARCHIVE,17.0,,"ISSUE 50_EPA Artist_여수 바다를 사랑한 사진가, 임영기 > 웹진 | ECO PHOTO ARCHIVE",25.0,,ISSUE 63 _ EPA Artist _ 박정근 > 웹진 | ECO PHOTO ARCHIVE,19.0
노순택 :: 버려진 마스크 | ECO PHOTO ARCHIVE,27.0,,최형락 :: 밀양 | ECO PHOTO ARCHIVE,21.0,,강홍구 :: 오쇠리 풍경 | ECO PHOTO ARCHIVE,17.0,,ISSUE15_ EPA Inter-View_백령도 점박이물범 지킴이 박정운 > 웹진 | ECO PHOTO ARCHIVE,25.0,,강진주 :: 채소도감 | ECO PHOTO ARCHIVE,19.0
방명주 :: Rise Raise | ECO PHOTO ARCHIVE,27.0,,환경사진아카이브 이용약관 > 공지사항 | ECO PHOTO ARCHIVE,21.0,,김정대 :: 누가 그들을 이렇게 경이롭게 했는가 | ECO PHOTO ARCHIVE,17.0,,"木木木, 온전히 빛나는 삶의 순간들, ISSUE 47_EPA Artist_조은 > 웹진 | ECO PHOTO ARCHIVE",25.0,,박부곤 :: Tracking | ECO PHOTO ARCHIVE,19.0
이건영 :: The white shaded backyard | ECO PHOTO ARCHIVE,26.0,,박부곤 :: The Land | ECO PHOTO ARCHIVE,20.0,,노순택 :: 감전 | ECO PHOTO ARCHIVE,17.0,,운동 | ECO PHOTO ARCHIVE,25.0,,"이한구 :: 영분, 전지적시점 | ECO PHOTO ARCHIVE",19.0
작가 글수정 | ECO PHOTO ARCHIVE,26.0,,박종호 :: 태백의 숲 | ECO PHOTO ARCHIVE,20.0,,노순택 :: 코로나오는풍경 | ECO PHOTO ARCHIVE,17.0,,한성필 :: Ground Cloud | ECO PHOTO ARCHIVE,25.0,,정주하 :: 빼앗긴 들에도 봄은 오는가 | ECO PHOTO ARCHIVE,19.0
최형락 :: 영주댐과 4대강 | ECO PHOTO ARCHIVE,26.0,,윤창수 :: 거리의차이(같지만 다른) | ECO PHOTO ARCHIVE,20.0,,정주하 :: 빼앗긴 들에도 봄은 오는가 | ECO PHOTO ARCHIVE,17.0,,강진주 :: 쌀을 닮다 | ECO PHOTO ARCHIVE,24.0,,조현택 :: 빈방 | ECO PHOTO ARCHIVE,19.0
강재훈 :: 해녀 | ECO PHOTO ARCHIVE,25.0,,ISSUE30_EPA News <4월 25일은 세계 펭귄의 날 World Penguin Day> > 웹진 | ECO PHOTO ARCHIVE,19.0,,조선희 :: 빙하가 죽어간다 | ECO PHOTO ARCHIVE,17.0,,강진주 :: 채소도감 | ECO PHOTO ARCHIVE,24.0,,"ISSUE 55 _ EPA Artist _ 청년농부 사진가, 김일목의 사진 농사 이야기 > 웹진 | ECO PHOTO ARCHIVE",18.0
박형근 :: 안양 만안구 재개발 | ECO PHOTO ARCHIVE,25.0,,강진주 :: 쌀을 닮다 | ECO PHOTO ARCHIVE,19.0,,강재훈 :: 해녀 | ECO PHOTO ARCHIVE,16.0,,ISSUE33_EPA Artist_ 안홍범_송광사의 승경(勝景)을 담다. > 웹진 | ECO PHOTO ARCHIVE,23.0,,ISSUE13_EPA 한국 환경 이슈_매향리(梅香里)에는 매화꽃이 있다? 없다! > 웹진 | ECO PHOTO ARCHIVE,18.0
박부곤 :: Tracking | ECO PHOTO ARCHIVE,24.0,,고래 | ECO PHOTO ARCHIVE,19.0,,방명주 :: 부뚜막꽃 | ECO PHOTO ARCHIVE,16.0,,"ISSUE35_EPA Works_환경의 날 기념, 숲과나눔의 에코포토아카이브 열람 > 웹진 | ECO PHOTO ARCHIVE",23.0,,ISSUE28_EPA NEWS_플로라 보르시 - ANIMEYED > 웹진 | ECO PHOTO ARCHIVE,18.0
서해 구지도 | ECO PHOTO ARCHIVE,24.0,,매향리 | ECO PHOTO ARCHIVE,19.0,,엑셀 업로드 | 그누보드5,16.0,,"ISSUE45_EPA News_사진 속으로 숨은 서울, 끝내 사진이 된 서울 > 웹진 | ECO PHOTO ARCHIVE",23.0,,강홍구 :: 한강시민공원 | ECO PHOTO ARCHIVE,18.0
에코포토기획 글수정 | ECO PHOTO ARCHIVE,24.0,,박종호 :: 태백의 산 | ECO PHOTO ARCHIVE,19.0,,환경사진아카이브 이메일무단수집거부 > 공지사항 | ECO PHOTO ARCHIVE,16.0,,노순택 :: 플라스틱전원일기 | ECO PHOTO ARCHIVE,23.0,,금혜원 :: Urban Depth | ECO PHOTO ARCHIVE,18.0
윤창수 :: 거리의차이(같지만 다른) | ECO PHOTO ARCHIVE,24.0,,엄상빈 :: 생명의 소리 | ECO PHOTO ARCHIVE,19.0,,환경사진아카이브 저작권정책 > 공지사항 | ECO PHOTO ARCHIVE,16.0,,박종우 :: DMZ 비무장지대 | ECO PHOTO ARCHIVE,23.0,,김영래 :: 조수정원 | ECO PHOTO ARCHIVE,18.0
이건영 :: PL.A.NET | ECO PHOTO ARCHIVE,24.0,,온산병 | ECO PHOTO ARCHIVE,19.0,,Alone Together > 에코포토기획 | ECO PHOTO ARCHIVE,15.0,,조대연 :: 남쪽의 시간 | ECO PHOTO ARCHIVE,23.0,,안홍범 :: 정선 | ECO PHOTO ARCHIVE,18.0
하지권 :: 월정사 | ECO PHOTO ARCHIVE,24.0,,작가 글답변 | ECO PHOTO ARCHIVE,19.0,,ISSUE34_EPA Works_세상의 모든 알바트로스에게 > 웹진 | ECO PHOTO ARCHIVE,15.0,,최형락 :: 혼자 사는 청년들 | ECO PHOTO ARCHIVE,23.0,,주도양 :: 시선의 기원 | ECO PHOTO ARCHIVE,18.0
한성필 :: Iceland Whaling Sites | ECO PHOTO ARCHIVE,24.0,,안홍범 :: 정선 | ECO PHOTO ARCHIVE,18.0,,강재훈 :: 사대강 | ECO PHOTO ARCHIVE,15.0,,"ISSUE 55 _ 청년농부 사진가, 김일목의 사진 농사 이야기 > 웹진 | ECO PHOTO ARCHIVE",22.0,,지성배 :: Human Refinery | ECO PHOTO ARCHIVE,18.0
ISSUE02_ 오래된 예언 _ 황규태의 묵시록적인 사진 > 웹진 | ECO PHOTO ARCHIVE,23.0,,임채욱 :: 설악산 | ECO PHOTO ARCHIVE,18.0,,노순택 :: 버려진 마스크 | ECO PHOTO ARCHIVE,15.0,,강재훈 :: 송전탑 | ECO PHOTO ARCHIVE,22.0,,ISSUE 62 _ EPA Focus _ ‘APT.’와 appartment와 <아파-트> > 웹진 | ECO PHOTO ARCHIVE,17.0
갤러리 1 페이지 | ECO PHOTO ARCHIVE,23.0,,최형락 :: 동일본대지진 | ECO PHOTO ARCHIVE,18.0,,안홍범 :: 추자도 | ECO PHOTO ARCHIVE,15.0,,김정대 :: 누가 그들을 이렇게 경이롭게 했는가 | ECO PHOTO ARCHIVE,22.0,,ISSUE43_EPA Works_예술이 된 방사성 물질 해독제 > 웹진 | ECO PHOTO ARCHIVE,17.0
낙동강 | ECO PHOTO ARCHIVE,23.0,,박종호 :: 산불 | ECO PHOTO ARCHIVE,17.0,,이기명 :: 어구를 거두는 사람들 | ECO PHOTO ARCHIVE,15.0,,작가 7 페이지 | ECO PHOTO ARCHIVE,22.0,,안홍범 :: 추자도 | ECO PHOTO ARCHIVE,17.0
박태희 :: 도시와 인간 | ECO PHOTO ARCHIVE,23.0,,이규철 :: 제주 비자림 | ECO PHOTO ARCHIVE,17.0,,황규태 :: 황규태 시리즈 | ECO PHOTO ARCHIVE,15.0,,하지권 :: 월정사 | ECO PHOTO ARCHIVE,22.0,,최광호 :: 수원우시장 | ECO PHOTO ARCHIVE,17.0
ISSUE03 _작가 활동 소식 _ 안홍범의 풍경사진 > 웹진 | ECO PHOTO ARCHIVE,22.0,,임채욱 :: 지리산 | ECO PHOTO ARCHIVE,17.0,,강재훈 :: 사람의 마을 | ECO PHOTO ARCHIVE,14.0,,강홍구 :: 은평 뉴타운 | ECO PHOTO ARCHIVE,21.0,,강재훈 :: 송전탑 | ECO PHOTO ARCHIVE,16.0
episode | ECO PHOTO ARCHIVE,22.0,,작가 글쓰기 | ECO PHOTO ARCHIVE,17.0,,강홍구 :: 신안군-프로젝트 | ECO PHOTO ARCHIVE,14.0,,김영래 :: 갯벌이야기 | ECO PHOTO ARCHIVE,21.0,,"성남훈 :: 인도네시아, 주석광산 | ECO PHOTO ARCHIVE",16.0
강재훈 :: 장재연 이사장님 인터뷰 | ECO PHOTO ARCHIVE,22.0,,"ISSUE04_ EPA NEWS <사진, 지구를 대신하여 인류에게 경고하다> > 웹진 | ECO PHOTO ARCHIVE",16.0,,강홍구 :: 한강시민공원 | ECO PHOTO ARCHIVE,14.0,,이성수 | ECO PHOTO ARCHIVE,21.0,,"이성수 :: 바다해양,기후위기,태안기름유출 | ECO PHOTO ARCHIVE",16.0
고정남 :: Personal Life | ECO PHOTO ARCHIVE,22.0,,강재훈 :: 해녀 | ECO PHOTO ARCHIVE,16.0,,노순택 :: 개나리 | ECO PHOTO ARCHIVE,14.0,,최형락 :: 동일본대지진 | ECO PHOTO ARCHIVE,21.0,,장소영 :: 버드송 | ECO PHOTO ARCHIVE,16.0
숲 | ECO PHOTO ARCHIVE,22.0,,강홍구 :: 오쇠리 풍경 | ECO PHOTO ARCHIVE,16.0,,박종우 :: 고성 명파천 연어 | ECO PHOTO ARCHIVE,14.0,,"ISSUE39_EPA Artist_박종호_김밥을 마는 사진가, 박종호의 태백 사랑 > 웹진 | ECO PHOTO ARCHIVE",20.0,,조선희 :: 빙하가 죽어간다 | ECO PHOTO ARCHIVE,16.0
최형락 :: 밀양 | ECO PHOTO ARCHIVE,22.0,,대기 | ECO PHOTO ARCHIVE,16.0,,박부곤 :: Tracking | ECO PHOTO ARCHIVE,13.0,,ISSUE42_EPA Artist_문선희_고라니가 우리를 바라본다. > 웹진 | ECO PHOTO ARCHIVE,20.0,,한성필 :: Ground Cloud | ECO PHOTO ARCHIVE,16.0
한성필 :: 사람의 땅 | ECO PHOTO ARCHIVE,22.0,,박태희 :: 도시와 인간 | ECO PHOTO ARCHIVE,16.0,,"임안나 :: 1인가구, 중력을 떠난 일상 | ECO PHOTO ARCHIVE",13.0,,"빛을 캐는 광부 사진가 ISSUE24_EPA Artist, 전제훈 > 웹진 | ECO PHOTO ARCHIVE",20.0,,현진오 > 작가 | ECO PHOTO ARCHIVE,16.0
환경사진아카이브 저작권정책 > 공지사항 | ECO PHOTO ARCHIVE,22.0,,이기명 | ECO PHOTO ARCHIVE,16.0,,하지권 :: 월정사 | ECO PHOTO ARCHIVE,13.0,,신은경 :: 가마미해수욕장 | ECO PHOTO ARCHIVE,20.0,,황규태 :: 황규태 시리즈 | ECO PHOTO ARCHIVE,16.0
THEME PHOTO 글쓰기 | 그누보드5,20.0,,ISSUE 06_EPA NEWS <청년 사진 작가 이희망> > 웹진 | ECO PHOTO ARCHIVE,15.0,,강홍구 :: 프로세믹스 부산 | ECO PHOTO ARCHIVE,12.0,,작가 글답변 | ECO PHOTO ARCHIVE,20.0,,박정근 :: 거기까지만 친구 | ECO PHOTO ARCHIVE,15.0
작가 글답변 | ECO PHOTO ARCHIVE,20.0,,바다 | ECO PHOTO ARCHIVE,15.0,,김정대 :: 21세기 이스터 섬에서 고도를 기다리며 | ECO PHOTO ARCHIVE,12.0,,조현택 :: 빈방 | ECO PHOTO ARCHIVE,20.0,,윤준하 | ECO PHOTO ARCHIVE,15.0
조우혜 :: Drought | ECO PHOTO ARCHIVE,20.0,,박정근 :: 거기까지만 친구 | ECO PHOTO ARCHIVE,15.0,,"성남훈 :: 베트남, 노천탄광 | ECO PHOTO ARCHIVE",12.0,,청계 | ECO PHOTO ARCHIVE,20.0,,전영석 :: Wonderland | ECO PHOTO ARCHIVE,15.0
조우혜 :: MB River | ECO PHOTO ARCHIVE,20.0,,이재용 :: 초충도 | ECO PHOTO ARCHIVE,15.0,,"성남훈 :: 우즈베키스탄, 아랄해 사막화 | ECO PHOTO ARCHIVE",12.0,,최형락 :: 영주댐과 4대강 | ECO PHOTO ARCHIVE,20.0,,철새 | ECO PHOTO ARCHIVE,15.0
조우혜 :: NewTown | ECO PHOTO ARCHIVE,20.0,,최광호 :: 70-80년대 한국의 풍경 | ECO PHOTO ARCHIVE,15.0,,환경사진아카이브 이용약관 > 공지사항 | ECO PHOTO ARCHIVE,12.0,,김흥구 :: 고립된 생에 관하여 | ECO PHOTO ARCHIVE,19.0,,그누보드5,14.0
최광호 :: 허수아비 | ECO PHOTO ARCHIVE,20.0,,4대강 | ECO PHOTO ARCHIVE,14.0,,EPA_ZINE_17_EPA NEWS _ 국립현대미술관 다원예술 2022 《미술관-탄소-프로젝트》개최 > 웹진 | ECO PHOTO ARCHIVE,11.0,,박형근 :: 간척지 | ECO PHOTO ARCHIVE,19.0,,난지도 | ECO PHOTO ARCHIVE,14.0
박부곤 :: The Land | ECO PHOTO ARCHIVE,19.0,,ISSUE 05_EPA NEWS <2021년 올해의 사진에 선정 된 임안나 작가의 사진> > 웹진 | ECO PHOTO ARCHIVE,14.0,,김흥구 :: 고립된 생에 관하여 | ECO PHOTO ARCHIVE,11.0,,산 | ECO PHOTO ARCHIVE,19.0,,문선희 :: 묻다 | ECO PHOTO ARCHIVE,14.0
박종우 :: 가나 전자쓰레기 | ECO PHOTO ARCHIVE,19.0,,강재훈 :: 사대강 | ECO PHOTO ARCHIVE,14.0,,박나윤 :: THE LIFE | ECO PHOTO ARCHIVE,11.0,,이건영 :: PL.A.NET | ECO PHOTO ARCHIVE,19.0,,신희수 :: 자영업자의 초상 | ECO PHOTO ARCHIVE,14.0
신웅재 :: The Loop of Pandemic | ECO PHOTO ARCHIVE,19.0,,김정대 :: 누가 그들을 이렇게 경이롭게 했는가 | ECO PHOTO ARCHIVE,14.0,,박홍순 :: 백두대간 | ECO PHOTO ARCHIVE,11.0,,강재훈 :: 사대강 | ECO PHOTO ARCHIVE,18.0,,안홍범 :: 굴업도 | ECO PHOTO ARCHIVE,14.0
안홍범 :: dmz | ECO PHOTO ARCHIVE,19.0,,노순택 :: 코로나오는풍경 | ECO PHOTO ARCHIVE,14.0,,신웅재 :: The Loop of Pandemic | ECO PHOTO ARCHIVE,11.0,,갤러리 1 페이지 | ECO PHOTO ARCHIVE,18.0,,한성필 :: 북극과 남극 | ECO PHOTO ARCHIVE,14.0
이재용 :: 초충도 | ECO PHOTO ARCHIVE,19.0,,신은경 :: 가마미해수욕장 | ECO PHOTO ARCHIVE,14.0,,조현택 :: 빈방 | ECO PHOTO ARCHIVE,11.0,,박태희 :: 도시와 인간 | ECO PHOTO ARCHIVE,18.0,,현진오 :: 동북아생물다양성연구소 001 | ECO PHOTO ARCHIVE,14.0
조우혜 :: Recycle | ECO PHOTO ARCHIVE,19.0,,임안나 :: 코로나 19 모아유치원 | ECO PHOTO ARCHIVE,14.0,,최영진 :: 새만금 | ECO PHOTO ARCHIVE,11.0,,웹진 5 페이지 | ECO PHOTO ARCHIVE,18.0,,"ISSUE 52_EPA Artist_유령의 집, 조현택의 카메라옵스큐라 > 웹진 | ECO PHOTO ARCHIVE",13.0
최영진 :: 새만금 | ECO PHOTO ARCHIVE,19.0,,환경사진아카이브 이메일무단수집거부 > 공지사항 | ECO PHOTO ARCHIVE,14.0,,한성필 :: 아름다운 지구 | ECO PHOTO ARCHIVE,11.0,,최형락 :: 밀양 | ECO PHOTO ARCHIVE,18.0,,ISSUE19_EPA NEWS_한성필의 <표면의 이면 Inverted Surfaces> > 웹진 | ECO PHOTO ARCHIVE,13.0
하지권 :: 숲과절 | ECO PHOTO ARCHIVE,19.0,,그누보드5,13.0,,ISSUE28_EPA NEWS_플로라 보르시 - ANIMEYED > 웹진 | ECO PHOTO ARCHIVE,10.0,,김정대 :: 21세기 이스터 섬에서 고도를 기다리며 | ECO PHOTO ARCHIVE,17.0,,"ISSUE22_EPA Artist, 임채욱_'오색찬란' 단풍 시절, 꼭 봐야 할 사진 > 웹진 | ECO PHOTO ARCHIVE",13.0
4대강 | ECO PHOTO ARCHIVE,18.0,,김정대 :: 21세기 이스터 섬에서 고도를 기다리며 | ECO PHOTO ARCHIVE,13.0,,강유환 > 에코포토기획 | ECO PHOTO ARCHIVE,10.0,,박정근 :: 거기까지만 친구 | ECO PHOTO ARCHIVE,17.0,,강제윤 :: 백섬백길 | ECO PHOTO ARCHIVE,13.0
박부곤 :: Mechanical City | ECO PHOTO ARCHIVE,18.0,,방명주 :: Rise Raise | ECO PHOTO ARCHIVE,13.0,,박종우 :: 갈라파고스제도 | ECO PHOTO ARCHIVE,10.0,,박종호 :: 태백의 산 | ECO PHOTO ARCHIVE,17.0,,박부곤 :: Tunnel | ECO PHOTO ARCHIVE,13.0
"성남훈 :: 인도네시아, 주석광산 | ECO PHOTO ARCHIVE",18.0,,신은경 :: 기장풍경 | ECO PHOTO ARCHIVE,13.0,,박종우 :: 서해구지도 | ECO PHOTO ARCHIVE,10.0,,안홍범 :: 정선 | ECO PHOTO ARCHIVE,17.0,,박태희 :: 도시와 인간 | ECO PHOTO ARCHIVE,13.0
"성남훈 :: 한국, 철새도래지 | ECO PHOTO ARCHIVE",18.0,,쓰레기 | ECO PHOTO ARCHIVE,13.0,,숲 | ECO PHOTO ARCHIVE,10.0,,온산병 사태를 사진으로 기록한 청년들 ISSUE01_ EPA Research > 웹진 | ECO PHOTO ARCHIVE,17.0,,"성남훈 :: 한국, 기름유출사고 | ECO PHOTO ARCHIVE",13.0
쓰레기 | ECO PHOTO ARCHIVE,18.0,,해양 | ECO PHOTO ARCHIVE,13.0,,안홍범 :: 증도 염전 | ECO PHOTO ARCHIVE,10.0,,임채욱 | ECO PHOTO ARCHIVE,17.0,,이성수 :: 새만금 | ECO PHOTO ARCHIVE,13.0
조우혜 :: Rescue | ECO PHOTO ARCHIVE,18.0,,PHOTOGRAPHER | 그누보드5,12.0,,윤정미 :: 반려동물 | ECO PHOTO ARCHIVE,10.0,,작가 글쓰기 | ECO PHOTO ARCHIVE,17.0,,"이성수 :: 행사,생태 | ECO PHOTO ARCHIVE",13.0
조현택 :: 여름 | ECO PHOTO ARCHIVE,18.0,,강재훈 :: 송전탑 | ECO PHOTO ARCHIVE,12.0,,이재용 :: 초충도 | ECO PHOTO ARCHIVE,10.0,,한희준 :: 플라스틱Plastic | ECO PHOTO ARCHIVE,17.0,,지성배 :: 어둠의 정원 | ECO PHOTO ARCHIVE,13.0
환경사진아카이브 이메일무단수집거부 > 공지사항 | ECO PHOTO ARCHIVE,18.0,,강재훈 :: 장재연 이사장님 인터뷰 | ECO PHOTO ARCHIVE,12.0,,최광호 :: 포토그램 | ECO PHOTO ARCHIVE,10.0,,4대강 | ECO PHOTO ARCHIVE,16.0,,하지권 :: 월정사 | ECO PHOTO ARCHIVE,13.0
# COVID 19 > 에코포토기획 | ECO PHOTO ARCHIVE,17.0,,강홍구 :: 그린벨트 | ECO PHOTO ARCHIVE,12.0,,한금선 :: 푸른초상 | ECO PHOTO ARCHIVE,10.0,,ISSUE38_EPA Artist_한희준_2100년에 꼭 봐야 할 사진 > 웹진 | ECO PHOTO ARCHIVE,16.0,,환경사진아카이브 저작권정책 > 공지사항 | ECO PHOTO ARCHIVE,13.0
"ISSUE02_EPA WORKS <오래된 예언, 황규태의 묵시록적인 사진> > 웹진 | ECO PHOTO ARCHIVE",17.0,,강홍구 :: 프로세믹스 부산 | ECO PHOTO ARCHIVE,12.0,,EPA_ZINE_20_EPA NEWS_<Museum Project>를 선보인 임준영 작가 > 웹진 | ECO PHOTO ARCHIVE,9.0,,ISSUE40_EPA Highlight_강제윤의 백섬백길_대한민국 대표 섬길 100개를 하나로 잇다! > 웹진 | ECO PHOTO ARCHIVE,16.0,,ISSUE 06_EPA NEWS_청년 사진 작가 이희망의 '희망사항' > 웹진 | ECO PHOTO ARCHIVE,12.0
강유환 | ECO PHOTO ARCHIVE,17.0,,장재연 :: 생명의 고향으로 800번의 귀향 | ECO PHOTO ARCHIVE,12.0,,ISSUE03 _EPA NEWS <안홍범 작가의 풍경 사진> > 웹진 | ECO PHOTO ARCHIVE,9.0,,금혜원 :: Cloud Shadow Spirit | ECO PHOTO ARCHIVE,16.0,,"ISSUE14_EPA News, 온산을 기억하나요? 이상일의 메멘토모리 > 웹진 | ECO PHOTO ARCHIVE",12.0
박부곤 :: Tunnel | ECO PHOTO ARCHIVE,17.0,,전은선 :: 플라스틱 아일랜드 | ECO PHOTO ARCHIVE,12.0,,강재훈 :: 장재연 이사장님 인터뷰 | ECO PHOTO ARCHIVE,9.0,,안홍범 :: 굴업도 | ECO PHOTO ARCHIVE,16.0,,강재훈 :: 인간의 땅 | ECO PHOTO ARCHIVE,12.0
박종우 :: 갈라파고스제도 | ECO PHOTO ARCHIVE,17.0,,주도양 :: 시선의 기원 | ECO PHOTO ARCHIVE,12.0,,강홍구 :: 황학동 | ECO PHOTO ARCHIVE,9.0,,이건영 :: The white shaded backyard | ECO PHOTO ARCHIVE,16.0,,강홍구 :: 신안군-프로젝트 | ECO PHOTO ARCHIVE,12.0
"성남훈 :: 페루, 금광도시 | ECO PHOTO ARCHIVE",17.0,,강홍구 :: 한강시민공원 | ECO PHOTO ARCHIVE,11.0,,기후 | ECO PHOTO ARCHIVE,9.0,,이성수 > 작가 | ECO PHOTO ARCHIVE,16.0,,김언지 :: 숨 결 | ECO PHOTO ARCHIVE,12.0
"성남훈 :: 한국, 기름유출사고 | ECO PHOTO ARCHIVE",17.0,,고정남 :: Personal Life | ECO PHOTO ARCHIVE,11.0,,박정근 :: 거기까지만 친구 | ECO PHOTO ARCHIVE,9.0,,이재용 :: 시티스케이프 | ECO PHOTO ARCHIVE,16.0,,안홍범 | ECO PHOTO ARCHIVE,12.0
에코포토 글수정 | ECO PHOTO ARCHIVE,17.0,,박나윤 :: THE LIFE | ECO PHOTO ARCHIVE,11.0,,박태희 :: 도시와 인간 | ECO PHOTO ARCHIVE,9.0,,"정주하 :: 불안, 불-안 | ECO PHOTO ARCHIVE",16.0,,정봉채 :: 우포늪을 보다 | ECO PHOTO ARCHIVE,12.0
이동문 :: 강은 우리에게 | ECO PHOTO ARCHIVE,17.0,,박부곤 :: Tunnel | ECO PHOTO ARCHIVE,11.0,,박홍순 :: 남해안 | ECO PHOTO ARCHIVE,9.0,,"조대연 :: 아름답고 슬픈 풍경, 새만금 | ECO PHOTO ARCHIVE",16.0,,최형락 :: 혼자 사는 청년들 | ECO PHOTO ARCHIVE,12.0
전영석 :: Wonderland | ECO PHOTO ARCHIVE,17.0,,박형근 :: 곶자왈 | ECO PHOTO ARCHIVE,11.0,,박홍순 :: 서해안 | ECO PHOTO ARCHIVE,9.0,,ISSUE16_EPA Artist_동물사진가 박찬원의 울림과 떨림 > 웹진 | ECO PHOTO ARCHIVE,15.0,,현진오 :: 동북아생물다양성연구소 002 | ECO PHOTO ARCHIVE,12.0
최광호 :: 쓰레기 매립 | ECO PHOTO ARCHIVE,17.0,,안홍범 :: 고천암 | ECO PHOTO ARCHIVE,11.0,,에코포토기획 글답변 | ECO PHOTO ARCHIVE,9.0,,"ISSUE21_EPA Artist_ 자연을 먹고 마시는 자연 예술가, 김순임 > 웹진 | ECO PHOTO ARCHIVE",15.0,,ISSUE 05_EPA NEWS_2021년 올해의 사진에 선정 된 임안나 작가의 사진 > 웹진 | ECO PHOTO ARCHIVE,11.0
코로나 자화상 - XiaoWang > 에코포토 | ECO PHOTO ARCHIVE,17.0,,이재용 :: 숲 | ECO PHOTO ARCHIVE,11.0,,웹진 글수정 | ECO PHOTO ARCHIVE,9.0,,ISSUE34_EPA Works_세상의 모든 알바트로스에게 > 웹진 | ECO PHOTO ARCHIVE,15.0,,ISSUE26_EPA NEWS_우리가 잃어버린 것들을 찾아서 > 웹진 | ECO PHOTO ARCHIVE,11.0
한금선 :: 푸른초상 | ECO PHOTO ARCHIVE,17.0,,조우혜 :: HebeiTaean | ECO PHOTO ARCHIVE,11.0,,이동문 :: 삼락의 깃발 | ECO PHOTO ARCHIVE,9.0,,금혜원 :: Urban Depth | ECO PHOTO ARCHIVE,15.0,,"ISSUE44_EPA News_밥상 잘 차려주는 언니, 마침내 큰 ‘상’을 받다. > 웹진 | ECO PHOTO ARCHIVE",11.0
한성필 :: 제주와 연천 | ECO PHOTO ARCHIVE,17.0,,ISSUE11_EPA Re-View《대지의 시간 Time of the Earth》 > 웹진 | ECO PHOTO ARCHIVE,10.0,,EPA_ZINE_21_EPA Artist_ <김순임> > 웹진 | ECO PHOTO ARCHIVE,8.0,,문선희 :: 묻다 | ECO PHOTO ARCHIVE,15.0,,강재훈 :: 해녀 | ECO PHOTO ARCHIVE,11.0
"성남훈 :: 중국, 차칸노르호수 사막화장지 | ECO PHOTO ARCHIVE",16.0,,| ECO PHOTO ARCHIVE,10.0,,강홍구 :: 그린벨트 | ECO PHOTO ARCHIVE,8.0,,임안나 :: 코로나 19 모아유치원 | ECO PHOTO ARCHIVE,15.0,,강홍구 :: 그린벨트에 관한 메모 | ECO PHOTO ARCHIVE,11.0
이재용 :: 숲 | ECO PHOTO ARCHIVE,16.0,,노순택 :: 버려진 마스크 | ECO PHOTO ARCHIVE,10.0,,고정남 :: Personal Life | ECO PHOTO ARCHIVE,8.0,,"ISSUE22_EPA Artist, 임채욱_'오색찬란' 단풍 시절, 꼭 봐야 할 사진 > 웹진 | ECO PHOTO ARCHIVE",14.0,,김흥구 :: 고립된 생에 관하여 | ECO PHOTO ARCHIVE,11.0
임채욱 :: 월천리솔섬 | ECO PHOTO ARCHIVE,16.0,,박종호 :: 고랭지배추 | ECO PHOTO ARCHIVE,10.0,,김지연 :: 3.11대지진_일본의조선학교 | ECO PHOTO ARCHIVE,8.0,,강재훈 :: 해녀 | ECO PHOTO ARCHIVE,14.0,,노순택 :: 개나리 | ECO PHOTO ARCHIVE,11.0
| ECO PHOTO ARCHIVE,15.0,,박형근 :: 안양 만안구 재개발 | ECO PHOTO ARCHIVE,10.0,,박기호 :: 고요한 경계 | ECO PHOTO ARCHIVE,8.0,,갯벌 | ECO PHOTO ARCHIVE,14.0,,노순택 :: 고장난 섬 | ECO PHOTO ARCHIVE,11.0
가로수 | ECO PHOTO ARCHIVE,15.0,,빙하 | ECO PHOTO ARCHIVE,10.0,,박부곤 :: The Land | ECO PHOTO ARCHIVE,8.0,,노순택 :: 코로나오는풍경 | ECO PHOTO ARCHIVE,14.0,,안홍범 :: 증도 염전 | ECO PHOTO ARCHIVE,11.0
노순택 | ECO PHOTO ARCHIVE,15.0,,"성남훈 :: 한국, 기름유출사고 | ECO PHOTO ARCHIVE",10.0,,박지원 :: 격리인간 9156 | ECO PHOTO ARCHIVE,8.0,,노순택 | ECO PHOTO ARCHIVE,14.0,,온산 | ECO PHOTO ARCHIVE,11.0
박종우 :: 서해구지도 | ECO PHOTO ARCHIVE,15.0,,안홍범 :: 추자도 | ECO PHOTO ARCHIVE,10.0,,박찬원 :: 루비아나 | ECO PHOTO ARCHIVE,8.0,,박부곤 :: Tracking | ECO PHOTO ARCHIVE,14.0,,최형락 :: 밀양 | ECO PHOTO ARCHIVE,11.0
"성남훈 :: 아이티, 지진 | ECO PHOTO ARCHIVE",15.0,,이재용 :: 시티스케이프 | ECO PHOTO ARCHIVE,10.0,,이건영 :: PL.A.NET | ECO PHOTO ARCHIVE,8.0,,박종우 :: 가나 전자쓰레기 | ECO PHOTO ARCHIVE,14.0,,한금선 :: 푸른초상 | ECO PHOTO ARCHIVE,11.0
온산 | ECO PHOTO ARCHIVE,15.0,,이진경 :: 진경산수 | ECO PHOTO ARCHIVE,10.0,,장재연 :: 사랑해 만타 | ECO PHOTO ARCHIVE,8.0,,"성남훈 :: 한국, 철새도래지 | ECO PHOTO ARCHIVE",14.0,,환경사진아카이브 이용약관 > 공지사항 | ECO PHOTO ARCHIVE,11.0
최광호 :: 70-80년대 한국의 풍경 | ECO PHOTO ARCHIVE,15.0,,작가 글수정 | ECO PHOTO ARCHIVE,10.0,,장재연 > 작가 | ECO PHOTO ARCHIVE,8.0,,윤정미 :: 반려동물 | ECO PHOTO ARCHIVE,14.0,,금혜원 :: Cloud Shadow Spirit | ECO PHOTO ARCHIVE,10.0
한성필 :: Ground Cloud | ECO PHOTO ARCHIVE,15.0,,철새 | ECO PHOTO ARCHIVE,10.0,,조우혜 :: Recycle | ECO PHOTO ARCHIVE,8.0,,강재훈 :: 사람의 마을 | ECO PHOTO ARCHIVE,13.0,,김원 :: 동자동 사람들 | ECO PHOTO ARCHIVE,10.0
황규태 :: 황규태 시리즈 | ECO PHOTO ARCHIVE,15.0,,ISSUE09_EPA 한국 환경 이슈 <또 다시 새만금 > > 웹진 | ECO PHOTO ARCHIVE,9.0,,# COVID 19 > 에코포토기획 | ECO PHOTO ARCHIVE,7.0,,강홍구 :: 오쇠리 풍경 | ECO PHOTO ARCHIVE,13.0,,김일목 :: 나를 품은 살갗 | ECO PHOTO ARCHIVE,10.0
THEME PHOTO 1 페이지 | 그누보드5,14.0,,격리 인간 | ECO PHOTO ARCHIVE,9.0,,ISSUE23_EPA News <2022 담양아트위크 “유유자적(悠悠自適)” 전시에 참여한 EPA작가들> > 웹진 | ECO PHOTO ARCHIVE,7.0,,금혜원 :: Blue Territory | ECO PHOTO ARCHIVE,13.0,,동물 | ECO PHOTO ARCHIVE,10.0
THEME PHOTO 글답변 | 그누보드5,14.0,,나무 | ECO PHOTO ARCHIVE,9.0,,강홍구 :: 청주-일곱 마을의 도시 | ECO PHOTO ARCHIVE,7.0,,노순택 :: 개나리 | ECO PHOTO ARCHIVE,13.0,,박부곤 :: Mechanical City | ECO PHOTO ARCHIVE,10.0
강홍구 :: 그린벨트 | ECO PHOTO ARCHIVE,14.0,,박부곤 :: Urban light | ECO PHOTO ARCHIVE,9.0,,박부곤 :: Mechanical City | ECO PHOTO ARCHIVE,7.0,,박부곤 :: Urban light | ECO PHOTO ARCHIVE,13.0,,박부곤 :: The Land | ECO PHOTO ARCHIVE,10.0
강홍구 :: 신안군-프로젝트 | ECO PHOTO ARCHIVE,14.0,,설악산 | ECO PHOTO ARCHIVE,9.0,,박종호 :: 고랭지배추 | ECO PHOTO ARCHIVE,7.0,,"사진 속으로 숨은 서울, 끝내 사진이 된 서울 ISSUE45_EPA News > 웹진 | ECO PHOTO ARCHIVE",13.0,,박종우 :: 가나 전자쓰레기 | ECO PHOTO ARCHIVE,10.0
김지연 :: 3.11대지진_일본의조선학교 | ECO PHOTO ARCHIVE,14.0,,이건영 :: The white shaded backyard | ECO PHOTO ARCHIVE,9.0,,박형근 :: 안양 만안구 재개발 | ECO PHOTO ARCHIVE,7.0,,신웅재 :: The Loop of Pandemic | ECO PHOTO ARCHIVE,13.0,,박종우 :: 고성 명파천 연어 | ECO PHOTO ARCHIVE,10.0
박정근 :: 거기까지만 친구 | ECO PHOTO ARCHIVE,14.0,,이동문 :: 삼락의 깃발 | ECO PHOTO ARCHIVE,9.0,,"박홍순 :: 새만금,그럼에도 불구하고 | ECO PHOTO ARCHIVE",7.0,,안홍범 :: 증도 염전 | ECO PHOTO ARCHIVE,13.0,,안홍범 :: dmz | ECO PHOTO ARCHIVE,10.0
별 | ECO PHOTO ARCHIVE,14.0,,이재용 :: 미러 | ECO PHOTO ARCHIVE,9.0,,방명주 :: Rise Raise | ECO PHOTO ARCHIVE,7.0,,이기명 :: 어구를 거두는 사람들 | ECO PHOTO ARCHIVE,13.0,,"이성수 :: 인물,풍경,댐,아셈회의 | ECO PHOTO ARCHIVE",10.0
신은경 :: 기장풍경 | ECO PHOTO ARCHIVE,14.0,,이재용 :: 정미소 | ECO PHOTO ARCHIVE,9.0,,"성남훈 :: 아이티, 지진 | ECO PHOTO ARCHIVE",7.0,,장재연 :: 생명의 고향으로 800번의 귀향 | ECO PHOTO ARCHIVE,13.0,,이재용 | ECO PHOTO ARCHIVE,10.0
안홍범 :: 송광사 아카이브 | ECO PHOTO ARCHIVE,14.0,,이진경 :: HOME SWEET HOME | ECO PHOTO ARCHIVE,9.0,,"성남훈 :: 페루, 금광도시 | ECO PHOTO ARCHIVE",7.0,,최영진 :: 새만금 | ECO PHOTO ARCHIVE,13.0,,이진경 :: 진경산수 | ECO PHOTO ARCHIVE,10.0
이재용 :: 정미소 | ECO PHOTO ARCHIVE,14.0,,임채욱 :: 월천리솔섬 | ECO PHOTO ARCHIVE,9.0,,안홍범 :: 정선 | ECO PHOTO ARCHIVE,7.0,,환경사진아카이브 저작권정책 > 공지사항 | ECO PHOTO ARCHIVE,13.0,,조우혜 :: HebeiTaean | ECO PHOTO ARCHIVE,10.0
장마 | ECO PHOTO ARCHIVE,14.0,,전영석 :: Wonderland | ECO PHOTO ARCHIVE,9.0,,엄상빈 :: 고성산불 | ECO PHOTO ARCHIVE,7.0,,ISSUE13_EPA 한국 환경 이슈_매향리(梅香里)에는 매화꽃이 있다? 없다! > 웹진 | ECO PHOTO ARCHIVE,12.0,,지성배 :: Y_Complex | ECO PHOTO ARCHIVE,10.0
전은선 :: 플라스틱 아일랜드 | ECO PHOTO ARCHIVE,14.0,,최영진 :: 경동시장 | ECO PHOTO ARCHIVE,9.0,,엄상빈 :: 생명의 소리 | ECO PHOTO ARCHIVE,7.0,,강홍구 :: 신안군-프로젝트 | ECO PHOTO ARCHIVE,12.0,,하지권 :: 숲과절 | ECO PHOTO ARCHIVE,10.0
최영진 :: 경동시장 | ECO PHOTO ARCHIVE,14.0,,한금선 :: 푸른초상 | ECO PHOTO ARCHIVE,9.0,,에코포토기획 글수정 | ECO PHOTO ARCHIVE,7.0,,강홍구 :: 한강시민공원 | ECO PHOTO ARCHIVE,12.0,,ISSUE 58_ EPA Focus _ 그린 인 라이브러리 > 웹진 | ECO PHOTO ARCHIVE,9.0
강재훈 :: 장재연 사장님 인터뷰 | ECO PHOTO ARCHIVE,13.0,,한성필 :: 북극과 남극 | ECO PHOTO ARCHIVE,9.0,,윤창수 :: 거리의차이(같지만 다른) | ECO PHOTO ARCHIVE,7.0,,김언지 :: 숨결 | ECO PHOTO ARCHIVE,12.0,,김원 | ECO PHOTO ARCHIVE,9.0
강홍구 :: 미키네집과 수련자 | ECO PHOTO ARCHIVE,13.0,,ISSUE08_EPA Docu <2011년 3월 11일 14시 46분 > > 웹진 | ECO PHOTO ARCHIVE,8.0,,이동문 :: 강은 우리에게 | ECO PHOTO ARCHIVE,7.0,,박종우 :: 고성 명파천 연어 | ECO PHOTO ARCHIVE,12.0,,김지연 :: 3.11대지진_도후쿠 | ECO PHOTO ARCHIVE,9.0
강홍구 :: 프로세믹스 부산 | 그누보드5,13.0,,"ISSUE12_EPA Monument《그리고,,, 아무것도 하지 않았다》 > 웹진 | ECO PHOTO ARCHIVE",8.0,,이진경 :: 진경산수 | ECO PHOTO ARCHIVE,7.0,,박종호 :: 산불 | ECO PHOTO ARCHIVE,12.0,,노순택 :: 코로 나오는 풍경 | ECO PHOTO ARCHIVE,9.0
격리인간 | ECO PHOTO ARCHIVE,13.0,,dmz | ECO PHOTO ARCHIVE,8.0,,전은선 :: 플라스틱 아일랜드 | ECO PHOTO ARCHIVE,7.0,,안홍범 :: 만재도 | ECO PHOTO ARCHIVE,12.0,,박부곤 :: Open Landscape | ECO PHOTO ARCHIVE,9.0
노순택 :: 개나리 | ECO PHOTO ARCHIVE,13.0,,강홍구 :: 청주-일곱 마을의 도시 | ECO PHOTO ARCHIVE,8.0,,조우혜 :: HebeiTaean | ECO PHOTO ARCHIVE,7.0,,오염 | ECO PHOTO ARCHIVE,12.0,,박부곤 :: Urban light | ECO PHOTO ARCHIVE,9.0
리일천 :: 코로나 광주 | ECO PHOTO ARCHIVE,13.0,,안홍범 :: 증도 염전 | ECO PHOTO ARCHIVE,8.0,,최광호 :: 수원우시장 | ECO PHOTO ARCHIVE,7.0,,이규철 :: 제주 비자림 | ECO PHOTO ARCHIVE,12.0,,신웅재 :: The Loop of Pandemic | ECO PHOTO ARCHIVE,9.0
박지원 :: 격리인간 9156 | ECO PHOTO ARCHIVE,13.0,,엄상빈 :: 고성산불 | ECO PHOTO ARCHIVE,8.0,,최광호 :: 쓰레기 매립 | ECO PHOTO ARCHIVE,7.0,,이재용 :: 초충도 | ECO PHOTO ARCHIVE,12.0,,안홍범 :: 고천암호 | ECO PHOTO ARCHIVE,9.0
안홍범 :: 증도 염전 | ECO PHOTO ARCHIVE,13.0,,웹진 3 페이지 | ECO PHOTO ARCHIVE,8.0,,한성필 :: 북극과 남극 | ECO PHOTO ARCHIVE,7.0,,전영석 > 작가 | ECO PHOTO ARCHIVE,12.0,,자전거 | ECO PHOTO ARCHIVE,9.0
정주하 :: 빼앗긴 들에도 봄은 오는가 | ECO PHOTO ARCHIVE,13.0,,임채욱 | ECO PHOTO ARCHIVE,8.0,,한성필 :: 제주와 연천 | ECO PHOTO ARCHIVE,7.0,,조선희 :: 돌아온쓰레기 | ECO PHOTO ARCHIVE,12.0,,최영진 :: 새만금 | ECO PHOTO ARCHIVE,9.0
최형락 :: 동일본대지진 | ECO PHOTO ARCHIVE,13.0,,조우혜 :: MB River | ECO PHOTO ARCHIVE,8.0,,1인가구 | ECO PHOTO ARCHIVE,6.0,,조선희 :: 빙하가 죽어간다 | ECO PHOTO ARCHIVE,12.0,,최형락 :: 동일본대지진 | ECO PHOTO ARCHIVE,9.0
강홍구 :: 한강시민공원 | ECO PHOTO ARCHIVE,12.0,,조우혜 :: Recycle | ECO PHOTO ARCHIVE,8.0,,ISSUE 06_EPA NEWS <청년 사진 작가 이희망> > 웹진 | ECO PHOTO ARCHIVE,6.0,,ISSUE28_EPA NEWS_플로라 보르시 - ANIMEYED > 웹진 | ECO PHOTO ARCHIVE,11.0,,최형락 :: 영주댐과 4대강 | ECO PHOTO ARCHIVE,9.0
박부곤 :: Open Landscape | ECO PHOTO ARCHIVE,12.0,,조현택 :: 빈방 | ECO PHOTO ARCHIVE,8.0,,"ISSUE32_EPA Works_자연의 모습을 기억하기, 알기, 보여주기 > 웹진 | ECO PHOTO ARCHIVE",6.0,,박부곤 :: Mechanical City | ECO PHOTO ARCHIVE,11.0,,ISSUE 49_EPA Exhibition_우리가 인디언으로 알던 사람들 > 웹진 | ECO PHOTO ARCHIVE,8.0
"성남훈 :: 베트남, 노천탄광 | ECO PHOTO ARCHIVE",12.0,,조현택 :: 여름 | ECO PHOTO ARCHIVE,8.0,,박기호 > 작가 | ECO PHOTO ARCHIVE,6.0,,박종호 :: 고랭지배추 | ECO PHOTO ARCHIVE,11.0,,"ISSUE29_EPA Artist 김언지_사라지는 것들을 향한 엘레지, 김언지 작가의 ""숨, 결"" > 웹진 | ECO PHOTO ARCHIVE",8.0
엄상빈 :: 생명의 소리 | ECO PHOTO ARCHIVE,12.0,,한성필 :: 사람의 땅 | ECO PHOTO ARCHIVE,8.0,,박부곤 :: Open Landscape | ECO PHOTO ARCHIVE,6.0,,박형근 :: 안양 만안구 재개발 | ECO PHOTO ARCHIVE,11.0,,ISSUE_60_웰컴 2025! 숲과나눔의 <우리바다> > 웹진 | ECO PHOTO ARCHIVE,8.0
이규철 :: 제주 비자림 | ECO PHOTO ARCHIVE,12.0,,한성필 :: 제주와 연천 | ECO PHOTO ARCHIVE,8.0,,박부곤 :: Urban light | ECO PHOTO ARCHIVE,6.0,,방명주 :: Rise Raise | ECO PHOTO ARCHIVE,11.0,,| ECO PHOTO ARCHIVE,8.0
이동근 :: 유학생 | ECO PHOTO ARCHIVE,12.0,,노순택 :: 개나리 | ECO PHOTO ARCHIVE,7.0,,"박홍순 :: 사대강-강, 스스로 그러하다 | ECO PHOTO ARCHIVE",6.0,,온산 | ECO PHOTO ARCHIVE,11.0,,고정남 :: Personal Life | ECO PHOTO ARCHIVE,8.0
임채욱 :: 지리산 | ECO PHOTO ARCHIVE,12.0,,박나윤 > 작가 | ECO PHOTO ARCHIVE,7.0,,신은경 :: 기장풍경 | ECO PHOTO ARCHIVE,6.0,,이기명 > 작가 | ECO PHOTO ARCHIVE,11.0,,금혜원 :: Blue Territory | ECO PHOTO ARCHIVE,8.0
지성배 :: Human Refinery | ECO PHOTO ARCHIVE,12.0,,박부곤 :: Mechanical City | ECO PHOTO ARCHIVE,7.0,,이건영 :: The white shaded backyard | ECO PHOTO ARCHIVE,6.0,,"이한구 :: 영분, 전지적시점 | ECO PHOTO ARCHIVE",11.0,,김지연 :: 3.11대지진_일본의조선학교 | ECO PHOTO ARCHIVE,8.0
"2021년 여름, 전남 화순군 춘양면8 > 갤러리 | ECO PHOTO ARCHIVE",11.0,,박부곤 :: Open Landscape | ECO PHOTO ARCHIVE,7.0,,이재용 :: 미러 | ECO PHOTO ARCHIVE,6.0,,"전시장으로 옮겨 온 기후범죄 재판소 : ""멸종 전쟁"" 제14회 광주비엔날레 네덜란드 파빌리온 ISSUE31_EPA News > 웹진 | ECO PHOTO ARCHIVE",11.0,,노순택 :: 버려진 마스크 | ECO PHOTO ARCHIVE,8.0
강홍구 :: 청주-일곱 마을의 도시 | ECO PHOTO ARCHIVE,11.0,,박찬원 :: 돼지 | ECO PHOTO ARCHIVE,7.0,,"이한구 :: 영분, 전지적시점 | ECO PHOTO ARCHIVE",6.0,,정주하 :: 빼앗긴 들에도 봄은 오는가 | ECO PHOTO ARCHIVE,11.0,,메멘토모리 | ECO PHOTO ARCHIVE,8.0
김지연 :: 3.11대지진_도후쿠 | ECO PHOTO ARCHIVE,11.0,,산불 | ECO PHOTO ARCHIVE,7.0,,임채욱 :: 지리산 | ECO PHOTO ARCHIVE,6.0,,조우혜 :: HebeiTaean | ECO PHOTO ARCHIVE,11.0,,박기호 :: 고요한 경계 | ECO PHOTO ARCHIVE,8.0
동강 | ECO PHOTO ARCHIVE,11.0,,"성남훈 :: 한국, 철새도래지 | ECO PHOTO ARCHIVE",7.0,,전영석 :: Wonderland | ECO PHOTO ARCHIVE,6.0,,조우혜 > 작가 | ECO PHOTO ARCHIVE,11.0,,박부곤 | ECO PHOTO ARCHIVE,8.0
박종우 :: 고성 명파천 연어 | ECO PHOTO ARCHIVE,11.0,,양 | ECO PHOTO ARCHIVE,7.0,,조우혜 :: NewTown | ECO PHOTO ARCHIVE,6.0,,지성배 :: Y_Complex | ECO PHOTO ARCHIVE,11.0,,사대강 | ECO PHOTO ARCHIVE,8.0
박찬원 :: 돼지 | ECO PHOTO ARCHIVE,11.0,,이동문 :: 강은 우리에게 | ECO PHOTO ARCHIVE,7.0,,조우혜 :: Rescue | ECO PHOTO ARCHIVE,6.0,,한성필 > 작가 | ECO PHOTO ARCHIVE,11.0,,안홍범 :: 만재도 | ECO PHOTO ARCHIVE,8.0
"성남훈 :: 우즈베키스탄, 아랄해 사막화 | ECO PHOTO ARCHIVE",11.0,,전은선 :: 이브의 정원 | ECO PHOTO ARCHIVE,7.0,,ISSUE 05_EPA NEWS <2021년 올해의 사진에 선정 된 임안나 작가의 사진> > 웹진 | ECO PHOTO ARCHIVE,5.0,,환경사진아카이브 이메일무단수집거부 > 공지사항 | ECO PHOTO ARCHIVE,11.0,,웹진 3 페이지 | ECO PHOTO ARCHIVE,8.0
엄상빈 :: 고성산불 | ECO PHOTO ARCHIVE,11.0,,조우혜 :: Drought | ECO PHOTO ARCHIVE,7.0,,"ISSUE04_ EPA NEWS <사진, 지구를 대신하여 인류에게 경고하다> > 웹진 | ECO PHOTO ARCHIVE",5.0,,황규태 :: 황규태 시리즈 | ECO PHOTO ARCHIVE,11.0,,웹진 4 페이지 | ECO PHOTO ARCHIVE,8.0
오석근 :: 창밖 풍경만이 내가 볼 수 있는 세계라면 | ECO PHOTO ARCHIVE,11.0,,조우혜 :: Rescue | ECO PHOTO ARCHIVE,7.0,,ISSUE09_EPA 한국 환경 이슈 <또 다시 새만금 > > 웹진 | ECO PHOTO ARCHIVE,5.0,,ISSUE37_EPA News_(재)숲과나눔 ‘1인 가구’ 사진 포트폴리오 공모 > 웹진 | ECO PHOTO ARCHIVE,10.0,,"이세현 :: Episode, covid-19 | ECO PHOTO ARCHIVE",8.0
이기명 :: 온산당월 | ECO PHOTO ARCHIVE,11.0,,최광호 :: 포토그램 | ECO PHOTO ARCHIVE,7.0,,ISSUE16_EPA Artist_동물사진가 박찬원 > 웹진 | ECO PHOTO ARCHIVE,5.0,,ISSUE42_EPA Artist_문선희 > 웹진 | ECO PHOTO ARCHIVE,10.0,,작가 글답변 | ECO PHOTO ARCHIVE,8.0
이동문 :: 삼락의 깃발 | ECO PHOTO ARCHIVE,11.0,,최영진 :: 새만금 | ECO PHOTO ARCHIVE,7.0,,강제윤 :: 백섬백길 | ECO PHOTO ARCHIVE,5.0,,"ISSUE44_EPA News_밥상 잘 차려주는 언니, 마침내 큰 ‘상’을 받다. > 웹진 | ECO PHOTO ARCHIVE",10.0,,"조대연 :: 아름답고 슬픈 풍경, 새만금 | ECO PHOTO ARCHIVE",8.0
이재용 :: 시티스케이프 | ECO PHOTO ARCHIVE,11.0,,하지권 :: 월정사 | ECO PHOTO ARCHIVE,7.0,,강홍구 :: 잠 | ECO PHOTO ARCHIVE,5.0,,강제윤 :: 백섬백길 | ECO PHOTO ARCHIVE,10.0,,지성배 :: 밤의 항해 | ECO PHOTO ARCHIVE,8.0
전은선 :: 산타마리아 | ECO PHOTO ARCHIVE,11.0,,공사 | ECO PHOTO ARCHIVE,6.0,,강홍구 > 작가 | ECO PHOTO ARCHIVE,5.0,,강홍구 :: 미키네집과 수련자 | ECO PHOTO ARCHIVE,10.0,,환경사진아카이브 이메일무단수집거부 > 공지사항 | ECO PHOTO ARCHIVE,8.0
전은선 :: 이브의 정원 | ECO PHOTO ARCHIVE,11.0,,김정대 > 작가 | ECO PHOTO ARCHIVE,6.0,,김원 :: 동자동 사람들 | ECO PHOTO ARCHIVE,5.0,,금혜원 > 작가 | ECO PHOTO ARCHIVE,10.0,,ISSUE 53 _ EPA FOCUS _ 돌아가고 싶은 고향이 있습니까? > 웹진 | ECO PHOTO ARCHIVE,7.0
최광호 :: 수원우시장 | ECO PHOTO ARCHIVE,11.0,,박종우 :: 고성 명파천 연어 | ECO PHOTO ARCHIVE,6.0,,김지연 :: 3.11대지진_도후쿠 | ECO PHOTO ARCHIVE,5.0,,기름 | ECO PHOTO ARCHIVE,10.0,,PHOTOGRAPHER | 그누보드5,7.0
"ISSUE04_ EPA NEWS <사진, 지구를 대신하여 인류에게 경고하다> > 웹진 | ECO PHOTO ARCHIVE",10.0,,박종우 :: 서해구지도 | ECO PHOTO ARCHIVE,6.0,,박부곤 :: Tunnel | ECO PHOTO ARCHIVE,5.0,,김영래 | ECO PHOTO ARCHIVE,10.0,,강재훈 :: 사람의 마을 | ECO PHOTO ARCHIVE,7.0
강홍구 :: 오쇠리 풍경 | ECO PHOTO ARCHIVE,10.0,,박종호 > 작가 | ECO PHOTO ARCHIVE,6.0,,박종호 :: 산불 | ECO PHOTO ARCHIVE,5.0,,김지연 :: 3.11대지진_일본의조선학교 | ECO PHOTO ARCHIVE,10.0,,강재훈 :: 스스로 그러하다 | ECO PHOTO ARCHIVE,7.0
강홍구 :: 황학동 | ECO PHOTO ARCHIVE,10.0,,"박홍순 :: 새만금,그럼에도 불구하고 | ECO PHOTO ARCHIVE",6.0,,신은경 :: 가마미해수욕장 | ECO PHOTO ARCHIVE,5.0,,낙동강 | ECO PHOTO ARCHIVE,10.0,,강재훈 :: 장재연 이사장님 인터뷰 | ECO PHOTO ARCHIVE,7.0
신희수 :: 자영업자의 초상 | ECO PHOTO ARCHIVE,10.0,,방명주 :: 부뚜막꽃 | ECO PHOTO ARCHIVE,6.0,,신희수 :: 자영업자의 초상 | ECO PHOTO ARCHIVE,5.0,,노순택 :: 감전 | ECO PHOTO ARCHIVE,10.0,,김지연 :: 용담댐 | ECO PHOTO ARCHIVE,7.0
엑셀 업로드 | 그누보드5,10.0,,서영주 :: 공空상像 | ECO PHOTO ARCHIVE,6.0,,심규동 :: 고시텔 | ECO PHOTO ARCHIVE,5.0,,노순택 :: 버려진 마스크 | ECO PHOTO ARCHIVE,10.0,,박찬원 :: 소금밭 | ECO PHOTO ARCHIVE,7.0
임채욱 :: 설악산 | ECO PHOTO ARCHIVE,10.0,,서울 | ECO PHOTO ARCHIVE,6.0,,안홍범 :: dmz | ECO PHOTO ARCHIVE,5.0,,박부곤 :: Tunnel | ECO PHOTO ARCHIVE,10.0,,"성남훈 :: 베트남, 노천탄광 | ECO PHOTO ARCHIVE",7.0
작가 글쓰기 | ECO PHOTO ARCHIVE,10.0,,안홍범 :: 굴업도 | ECO PHOTO ARCHIVE,6.0,,안홍범 :: 만재도 | ECO PHOTO ARCHIVE,5.0,,박부곤 > 작가 | ECO PHOTO ARCHIVE,10.0,,"성남훈 :: 한국, 철새도래지 | ECO PHOTO ARCHIVE",7.0
지성배 :: 어둠의 정원 | ECO PHOTO ARCHIVE,10.0,,안홍범 :: 만재도 | ECO PHOTO ARCHIVE,6.0,,웹진 글쓰기 | ECO PHOTO ARCHIVE,5.0,,박홍순 :: 서해안 | ECO PHOTO ARCHIVE,10.0,,송광사 | ECO PHOTO ARCHIVE,7.0
# COVID 19 > THEME PHOTO | 그누보드5,9.0,,이상일 | ECO PHOTO ARCHIVE,6.0,,이규철 :: 제주 비자림 | ECO PHOTO ARCHIVE,5.0,,이끼를 들어 올려라! ISSUE41_EPA Artist_임동식 > 웹진 | ECO PHOTO ARCHIVE,10.0,,쓰레기장 | ECO PHOTO ARCHIVE,7.0
DMZ | ECO PHOTO ARCHIVE,9.0,,"이세현 :: Episode, covid-19 | ECO PHOTO ARCHIVE",6.0,,이재용 :: 숲 | ECO PHOTO ARCHIVE,5.0,,"임안나 :: 1인가구, 중력을 떠난 일상 | ECO PHOTO ARCHIVE",10.0,,윤창수 :: 거리의차이(같지만 다른) | ECO PHOTO ARCHIVE,7.0
ISSUE03 _EPA NEWS <안홍범 작가의 풍경 사진> > 웹진 | ECO PHOTO ARCHIVE,9.0,,자연 | ECO PHOTO ARCHIVE,6.0,,이재용 :: 정미소 | ECO PHOTO ARCHIVE,5.0,,자연 | ECO PHOTO ARCHIVE,10.0,,"이성수 :: 동물보호,대기오염 | ECO PHOTO ARCHIVE",7.0
강홍구 :: 프로세믹스 부산 | ECO PHOTO ARCHIVE,9.0,,정봉채 > 작가 | ECO PHOTO ARCHIVE,6.0,,정봉채 :: 우포늪을 보다 | ECO PHOTO ARCHIVE,5.0,,전은선 :: 플라스틱 아일랜드 | ECO PHOTO ARCHIVE,10.0,,임영기 :: 사진여정 | ECO PHOTO ARCHIVE,7.0
"박홍순 :: 새만금,그럼에도 불구하고 | ECO PHOTO ARCHIVE",9.0,,조우혜 :: NewTown | ECO PHOTO ARCHIVE,6.0,,최형락 > 작가 | ECO PHOTO ARCHIVE,5.0,,조우혜 :: NewTown | ECO PHOTO ARCHIVE,10.0,,전제훈 :: 마지막 광부들 | ECO PHOTO ARCHIVE,7.0
신은경 :: 가마미해수욕장 | ECO PHOTO ARCHIVE,9.0,,최광호 :: 쓰레기 매립 | ECO PHOTO ARCHIVE,6.0,,환경사진아카이브 개인정보처리방침 > 공지사항 | ECO PHOTO ARCHIVE,5.0,,환경사진아카이브 이용약관 > 공지사항 | ECO PHOTO ARCHIVE,10.0,,최영진 새만금 | ECO PHOTO ARCHIVE,7.0
안홍범 :: 고천암 | ECO PHOTO ARCHIVE,9.0,,흰발농게 | ECO PHOTO ARCHIVE,6.0,,ISSUE13_EPA 한국 환경 이슈 <매향리(梅香里)에는 매화꽃이 있다? 없다!> > 웹진 | ECO PHOTO ARCHIVE,4.0,,ISSUE 06_EPA NEWS_청년 사진 작가 이희망의 '희망사항' > 웹진 | ECO PHOTO ARCHIVE,9.0,,한성필 :: Iceland Whaling Sites | ECO PHOTO ARCHIVE,7.0
안홍범 :: 추자도 | ECO PHOTO ARCHIVE,9.0,,강홍구 :: 미키네집과 수련자 | ECO PHOTO ARCHIVE,5.0,,강제윤 > 작가 | ECO PHOTO ARCHIVE,4.0,,ISSUE01_ EPA Research <온산병 사태를 사진으로 기록한 청년들> > 웹진 | ECO PHOTO ARCHIVE,9.0,,ISSUE 61 _ EPA Works _ 코로나는 어디로 갔나요? > 웹진 | ECO PHOTO ARCHIVE,6.0
엄상빈 :: 아바이마을 | ECO PHOTO ARCHIVE,9.0,,강홍구 :: 황학동 | ECO PHOTO ARCHIVE,5.0,,갤러리 1 페이지 | ECO PHOTO ARCHIVE,4.0,,ISSUE29_EPA Artist 김언지 > 웹진 | ECO PHOTO ARCHIVE,9.0,,"ISSUE03 _EPA NEWS_ 두고 온 시간, 안홍범 사진전 개최 > 웹진 | ECO PHOTO ARCHIVE",6.0
이재용 :: 미러 | ECO PHOTO ARCHIVE,9.0,,갯벌 | ECO PHOTO ARCHIVE,5.0,,고요한 경계 > 작가 | ECO PHOTO ARCHIVE,4.0,,ISSUE41_EPA Artist_임동식 > 웹진 | ECO PHOTO ARCHIVE,9.0,,ISSUE34_EPA Works_세상의 모든 알바트로스에게 > 웹진 | ECO PHOTO ARCHIVE,6.0
지성배 :: Y_Complex | ECO PHOTO ARCHIVE,9.0,,김지연 :: 3.11대지진_도후쿠 | ECO PHOTO ARCHIVE,5.0,,김언지 > 작가 | ECO PHOTO ARCHIVE,4.0,,강홍구 | ECO PHOTO ARCHIVE,9.0,,가리왕산 | ECO PHOTO ARCHIVE,6.0
지성배 :: 밤의 항해 | ECO PHOTO ARCHIVE,9.0,,김지연 :: 3.11대지진_일본의조선학교 | ECO PHOTO ARCHIVE,5.0,,김흥구 > 작가 | ECO PHOTO ARCHIVE,4.0,,김일목 :: 나를 품은 살갗 | ECO PHOTO ARCHIVE,9.0,,갯벌이야기 > 작가 | ECO PHOTO ARCHIVE,6.0
황규태 :: 버닝 시리즈_Burning Series | ECO PHOTO ARCHIVE,9.0,,대청부채 | ECO PHOTO ARCHIVE,5.0,,남쪽의 시간 > 작가 | ECO PHOTO ARCHIVE,4.0,,박부곤 :: The Land | ECO PHOTO ARCHIVE,9.0,,박홍순 :: 백두대간 | ECO PHOTO ARCHIVE,6.0
ISSUE 06_EPA NEWS <청년 사진 작가 이희망> > 웹진 | ECO PHOTO ARCHIVE,8.0,,댐 | ECO PHOTO ARCHIVE,5.0,,박종호 :: 태백의 숲 | ECO PHOTO ARCHIVE,4.0,,박종호 :: 태백의 숲 | ECO PHOTO ARCHIVE,9.0,,방명주 :: Rise Raise | ECO PHOTO ARCHIVE,6.0
도시 | ECO PHOTO ARCHIVE,8.0,,마스크 | ECO PHOTO ARCHIVE,5.0,,박홍순 :: 한강 | ECO PHOTO ARCHIVE,4.0,,봄 | ECO PHOTO ARCHIVE,9.0,,방명주 :: 부뚜막꽃 | ECO PHOTO ARCHIVE,6.0
박부곤 :: Urban light | ECO PHOTO ARCHIVE,8.0,,박종우 :: 갈라파고스제도 | ECO PHOTO ARCHIVE,5.0,,심규동 > 작가 | ECO PHOTO ARCHIVE,4.0,,"성남훈 :: 인도네시아, 주석광산 | ECO PHOTO ARCHIVE",9.0,,성남훈 | ECO PHOTO ARCHIVE,6.0
"박홍순 :: 사대강-강, 스스로 그러하다 | ECO PHOTO ARCHIVE",8.0,,사대강 | ECO PHOTO ARCHIVE,5.0,,오석근 :: 창밖 풍경만이 내가 볼 수 있는 세계라면 | ECO PHOTO ARCHIVE,4.0,,이건영 > 작가 | ECO PHOTO ARCHIVE,9.0,,엄상빈 :: 아바이마을 | ECO PHOTO ARCHIVE,6.0
박홍순 :: 한강 | ECO PHOTO ARCHIVE,8.0,,여름 | ECO PHOTO ARCHIVE,5.0,,윤정미 > 작가 | ECO PHOTO ARCHIVE,4.0,,이동문 :: 강은 우리에게 | ECO PHOTO ARCHIVE,9.0,,웹진 5 페이지 | ECO PHOTO ARCHIVE,6.0
새만금 | ECO PHOTO ARCHIVE,8.0,,지성배 :: 밤의 항해 | ECO PHOTO ARCHIVE,5.0,,이동근 :: 유학생 | ECO PHOTO ARCHIVE,4.0,,"이성수 :: 생명안전,식품안전,석면,공단 | ECO PHOTO ARCHIVE",9.0,,이 | ECO PHOTO ARCHIVE,6.0
여름 | ECO PHOTO ARCHIVE,8.0,,최광호 :: 허수아비 | ECO PHOTO ARCHIVE,5.0,,이진경 :: HOME SWEET HOME | ECO PHOTO ARCHIVE,4.0,,"이성수 :: 인물,풍경,댐,아셈회의 | ECO PHOTO ARCHIVE",9.0,,이성민 :: 개포동 그곳 프로젝트 | ECO PHOTO ARCHIVE,6.0
"정주하 :: 불안, 불-안 | ECO PHOTO ARCHIVE",8.0,,한성필 :: Ground Cloud | ECO PHOTO ARCHIVE,5.0,,이한구 > 작가 | ECO PHOTO ARCHIVE,4.0,,"이세현 :: Episode, covid-19 | ECO PHOTO ARCHIVE",9.0,,"이성수 :: 백두산,시화호,광우병 | ECO PHOTO ARCHIVE",6.0
최영진 | ECO PHOTO ARCHIVE,8.0,,Gotthold kietz | ECO PHOTO ARCHIVE,4.0,,임채욱 :: 월천리솔섬 | ECO PHOTO ARCHIVE,4.0,,이진경 :: 진경산수 | ECO PHOTO ARCHIVE,9.0,,이성수 함께사는길 | ECO PHOTO ARCHIVE,6.0
코로나 | ECO PHOTO ARCHIVE,8.0,,ISSUE26_EPA NEWS_잃어버린 것을 찾아서 > 웹진 | ECO PHOTO ARCHIVE,4.0,,조우혜 :: Drought | ECO PHOTO ARCHIVE,4.0,,전제훈 > 작가 | ECO PHOTO ARCHIVE,9.0,,"임안나 :: 1인가구, 중력을 떠난 일상 | ECO PHOTO ARCHIVE",6.0
ISSUE 05_EPA NEWS <2021년 올해의 사진에 선정 된 임안나 작가의 사진> > 웹진 | ECO PHOTO ARCHIVE,7.0,,ISSUE28_EPA NEWS_플로라 보르시 - ANIMEYED > 웹진 | ECO PHOTO ARCHIVE,4.0,,조우혜 :: MB River | ECO PHOTO ARCHIVE,4.0,,조우혜 :: Rescue | ECO PHOTO ARCHIVE,9.0,,조우혜 :: Recycle | ECO PHOTO ARCHIVE,6.0
강진주 | ECO PHOTO ARCHIVE,7.0,,갤러리 10 페이지 | 그누보드5,4.0,,조현택 :: 여름 | ECO PHOTO ARCHIVE,4.0,,지성배 :: 밤의 항해 | ECO PHOTO ARCHIVE,9.0,,조현택 :: 여름 | ECO PHOTO ARCHIVE,6.0
강홍구 :: 변방의 가을에 관한 메모 | ECO PHOTO ARCHIVE,7.0,,농작물 | ECO PHOTO ARCHIVE,4.0,,지성배 :: Human Refinery | ECO PHOTO ARCHIVE,4.0,,최광호 :: 포토그램 | ECO PHOTO ARCHIVE,9.0,,"ISSUE04_ EPA NEWS_사진, 지구를 대신하여 인류에게 경고하다 > 웹진 | ECO PHOTO ARCHIVE",5.0
미세먼지 | ECO PHOTO ARCHIVE,7.0,,박지원 :: 격리인간 9156 | ECO PHOTO ARCHIVE,4.0,,최광호 :: 허수아비 | ECO PHOTO ARCHIVE,4.0,,최광호 :: 허수아비 | ECO PHOTO ARCHIVE,9.0,,ISSUE17_EPA NEWS_미술관-탄소-프로젝트 > 웹진 | ECO PHOTO ARCHIVE,5.0
박찬원 :: 소우주 | ECO PHOTO ARCHIVE,7.0,,박홍순 :: 백두대간 | ECO PHOTO ARCHIVE,4.0,,한성필 :: 사람의 땅 | ECO PHOTO ARCHIVE,4.0,,한금선 :: 푸른초상 | ECO PHOTO ARCHIVE,9.0,,ISSUE40_EPA Highlight_강제윤의 백섬백길_대한민국 대표 섬길 100개를 하나로 잇다! > 웹진 | ECO PHOTO ARCHIVE,5.0
생태계 | ECO PHOTO ARCHIVE,7.0,,박홍순 :: 서해안 | ECO PHOTO ARCHIVE,4.0,,"Alone Together||홀로, 함께 Alone Together > 에코포토기획 | ECO PHOTO ARCHIVE",3.0,,ISSUE23_EPA News_2022 담양아트위크 “유유자적(悠悠自適)” 전시에 참여한 EPA작가들 > 웹진 | ECO PHOTO ARCHIVE,8.0,,강재훈 :: 사대강 | ECO PHOTO ARCHIVE,5.0
서해 비도의 | ECO PHOTO ARCHIVE,7.0,,산양 | ECO PHOTO ARCHIVE,4.0,,ECO PHOTO | 그누보드5,3.0,,강홍구 :: 변방의 가을에 관한 메모 | ECO PHOTO ARCHIVE,8.0,,강홍구 :: 미키네집과 수련자 | ECO PHOTO ARCHIVE,5.0
안홍범 :: 정선 | ECO PHOTO ARCHIVE,7.0,,"성남훈 :: 우즈베키스탄, 아랄해 사막화 | ECO PHOTO ARCHIVE",4.0,,ISSUE08_EPA Docu <2011년 3월 11일 14시 46분 > > 웹진 | ECO PHOTO ARCHIVE,3.0,,강홍구 :: 청주-일곱 마을의 도시 | ECO PHOTO ARCHIVE,8.0,,강홍구 :: 잠 | ECO PHOTO ARCHIVE,5.0
온산병 | ECO PHOTO ARCHIVE,7.0,,엄상빈 :: 아바이마을 | ECO PHOTO ARCHIVE,4.0,,강홍구 :: 변방의 가을에 관한 메모 | ECO PHOTO ARCHIVE,3.0,,고정남 :: Personal Life | ECO PHOTO ARCHIVE,8.0,,나무 | ECO PHOTO ARCHIVE,5.0
"이세현 :: Episode, covid-19 | ECO PHOTO ARCHIVE",7.0,,이동근 :: 유학생 | ECO PHOTO ARCHIVE,4.0,,그누보드5,3.0,,동강 | ECO PHOTO ARCHIVE,8.0,,박기호 | ECO PHOTO ARCHIVE,5.0
이세현 > 작가 | ECO PHOTO ARCHIVE,7.0,,전기 | ECO PHOTO ARCHIVE,4.0,,김언지 :: 숨결 | ECO PHOTO ARCHIVE,3.0,,박부곤 :: Open Landscape | ECO PHOTO ARCHIVE,8.0,,박종호 :: 산불 | ECO PHOTO ARCHIVE,5.0
작가 글수정 | 그누보드5,7.0,,전은선 :: 산타마리아 | ECO PHOTO ARCHIVE,4.0,,매향리 | ECO PHOTO ARCHIVE,3.0,,박종우 :: 서해구지도 | ECO PHOTO ARCHIVE,8.0,,박종호 :: 태백의 산 | ECO PHOTO ARCHIVE,5.0
개발 | ECO PHOTO ARCHIVE,6.0,,주도양 > 작가 | ECO PHOTO ARCHIVE,4.0,,"박기호 :: COVID 19, 세브란스 코로나 병동의 기록 | ECO PHOTO ARCHIVE",3.0,,박형근 :: 곶자왈 숲의 기록 | ECO PHOTO ARCHIVE,8.0,,박찬원 :: 돼지 | ECO PHOTO ARCHIVE,5.0
논 | ECO PHOTO ARCHIVE,6.0,,태안 기름유출 | ECO PHOTO ARCHIVE,4.0,,박종호 :: 태백의 산 | ECO PHOTO ARCHIVE,3.0,,"성남훈 :: 중국, 차칸노르호수 사막화장지 | ECO PHOTO ARCHIVE",8.0,,박찬원 :: 소우주 | ECO PHOTO ARCHIVE,5.0
바다 | ECO PHOTO ARCHIVE,6.0,,해녀 | ECO PHOTO ARCHIVE,4.0,,박찬원 :: 시정마 | ECO PHOTO ARCHIVE,3.0,,이재용 :: 미러 | ECO PHOTO ARCHIVE,8.0,,"성남훈 :: 페루, 금광도시 | ECO PHOTO ARCHIVE",5.0
박찬원 :: 루비아나 | ECO PHOTO ARCHIVE,6.0,,강홍구 :: 변방의 가을에 관한 메모 | ECO PHOTO ARCHIVE,3.0,,백섬백길 > 작가 | ECO PHOTO ARCHIVE,3.0,,이재용 :: 숲 | ECO PHOTO ARCHIVE,8.0,,엄상빈 :: 생명의 소리 | ECO PHOTO ARCHIVE,5.0
박찬원 :: 소금밭 | ECO PHOTO ARCHIVE,6.0,,강홍구 :: 신안군-프로젝트 | ECO PHOTO ARCHIVE,3.0,,서영주 :: 공空상像 | ECO PHOTO ARCHIVE,3.0,,이재용 :: 정미소 | ECO PHOTO ARCHIVE,8.0,,이기명 :: 어구를 거두는 사람들 | ECO PHOTO ARCHIVE,5.0
박홍순 :: 백두대간 | ECO PHOTO ARCHIVE,6.0,,기후 | ECO PHOTO ARCHIVE,3.0,,소똥구리 | ECO PHOTO ARCHIVE,3.0,,임채욱 :: 지리산 | ECO PHOTO ARCHIVE,8.0,,이성수 :: 국제연대 | ECO PHOTO ARCHIVE,5.0
박홍순 :: 서해안 | ECO PHOTO ARCHIVE,6.0,,노순택 매향리 | ECO PHOTO ARCHIVE,3.0,,안홍범 :: 고천암 | ECO PHOTO ARCHIVE,3.0,,장소영 :: 버드송 | ECO PHOTO ARCHIVE,8.0,,이성수 :: 새만금2 | ECO PHOTO ARCHIVE,5.0
오염 | ECO PHOTO ARCHIVE,6.0,,미세먼지 | ECO PHOTO ARCHIVE,3.0,,안홍범 :: 굴업도 | ECO PHOTO ARCHIVE,3.0,,조우혜 :: Recycle | ECO PHOTO ARCHIVE,8.0,,이진경 :: HOME SWEET HOME | ECO PHOTO ARCHIVE,5.0
전기 | ECO PHOTO ARCHIVE,6.0,,박찬원 :: 소금밭 | ECO PHOTO ARCHIVE,3.0,,엄상빈 :: 아바이마을 | ECO PHOTO ARCHIVE,3.0,,최광호 :: 70-80년대 한국의 풍경 | ECO PHOTO ARCHIVE,8.0,,작가 3 페이지 | ECO PHOTO ARCHIVE,5.0
지구 | ECO PHOTO ARCHIVE,6.0,,박찬원 :: 소우주 | ECO PHOTO ARCHIVE,3.0,,에코포토 1 페이지 | ECO PHOTO ARCHIVE,3.0,,한성필 :: 아름다운 지구 | ECO PHOTO ARCHIVE,8.0,,작가 글쓰기 | ECO PHOTO ARCHIVE,5.0
코로나19 | ECO PHOTO ARCHIVE,6.0,,박찬원 :: 시정마 | ECO PHOTO ARCHIVE,3.0,,에코포토기획 글쓰기 | ECO PHOTO ARCHIVE,3.0,,한희준 > 작가 | ECO PHOTO ARCHIVE,8.0,,조우혜 :: Drought | ECO PHOTO ARCHIVE,5.0
갤러리 1 페이지 | 그누보드5,5.0,,복원 | ECO PHOTO ARCHIVE,3.0,,이재용 :: 시티스케이프 | ECO PHOTO ARCHIVE,3.0,,환경사진아카이브 개인정보처리방침 > 공지사항 | ECO PHOTO ARCHIVE,8.0,,조우혜 :: Rescue | ECO PHOTO ARCHIVE,5.0
갤러리 8 페이지 | ECO PHOTO ARCHIVE,5.0,,"성남훈 :: 인도네시아, 주석광산 | ECO PHOTO ARCHIVE",3.0,,임안나 > 작가 | ECO PHOTO ARCHIVE,3.0,,4월 25일은 세계 펭귄의 날 World Penguin Day_ISSUE30_EPA News > 웹진 | ECO PHOTO ARCHIVE,7.0,,최영진 :: 경동시장 | ECO PHOTO ARCHIVE,5.0
박찬원 :: 경주마 | ECO PHOTO ARCHIVE,5.0,,"성남훈 :: 중국, 차칸노르호수 사막화장지 | ECO PHOTO ARCHIVE",3.0,,임채욱 :: 설악산 | ECO PHOTO ARCHIVE,3.0,,"ISSUE08_EPA News,_2011년 3월 11일 14시 46분, 김지연의 기록 > 웹진 | ECO PHOTO ARCHIVE",7.0,,환경사진아카이브 개인정보처리방침 > 공지사항 | ECO PHOTO ARCHIVE,5.0
박홍순 :: 남해안 | ECO PHOTO ARCHIVE,5.0,,수확 | ECO PHOTO ARCHIVE,3.0,,전은선 :: 산타마리아 | ECO PHOTO ARCHIVE,3.0,,ISSUE11_EPA Re-View_대지의 시간 (Time of the Earth) > 웹진 | ECO PHOTO ARCHIVE,7.0,,1인가구 | ECO PHOTO ARCHIVE,4.0
비 | ECO PHOTO ARCHIVE,5.0,,쓰레기산 | ECO PHOTO ARCHIVE,3.0,,전은선 :: 이브의 정원 | ECO PHOTO ARCHIVE,3.0,,"ISSUE24_EPA Artist <빛을 캐는 광부 사진가, 전제훈> > 웹진 | ECO PHOTO ARCHIVE",7.0,,ISSUE12_EPA Monument_클라우스 슈텍의 환경포스터 > 웹진 | ECO PHOTO ARCHIVE,4.0
안홍범 :: 굴업도 | ECO PHOTO ARCHIVE,5.0,,여성환경연대 | ECO PHOTO ARCHIVE,3.0,,조대연 > 작가 | ECO PHOTO ARCHIVE,3.0,,강재훈 :: 장재연 이사장님 인터뷰 | ECO PHOTO ARCHIVE,7.0,,ISSUE23_EPA News_2022 담양아트위크 “유유자적(悠悠自適)” 전시에 참여한 EPA작가들 > 웹진 | ECO PHOTO ARCHIVE,4.0
안홍범 :: 만재도 | ECO PHOTO ARCHIVE,5.0,,오체투지 | ECO PHOTO ARCHIVE,3.0,,주도양 :: 시선의 기원 | ECO PHOTO ARCHIVE,3.0,,강홍구 :: 프로세믹스 부산 | ECO PHOTO ARCHIVE,7.0,,강홍구 :: 변방의 가을에 관한 메모 | ECO PHOTO ARCHIVE,4.0
에코포토기획 글답변 | ECO PHOTO ARCHIVE,5.0,,이진경 > 작가 | ECO PHOTO ARCHIVE,3.0,,지성배 :: 밤의 항해 | ECO PHOTO ARCHIVE,3.0,,강홍구 > 작가 | ECO PHOTO ARCHIVE,7.0,,강홍구 :: 프로세믹스 부산 | ECO PHOTO ARCHIVE,4.0
윤창수 > 작가 | ECO PHOTO ARCHIVE,5.0,,장재연 | ECO PHOTO ARCHIVE,3.0,,한성필 :: Iceland Whaling Sites | ECO PHOTO ARCHIVE,3.0,,노순택 > 작가 | ECO PHOTO ARCHIVE,7.0,,경주 | ECO PHOTO ARCHIVE,4.0
자연 | ECO PHOTO ARCHIVE,5.0,,지성배 :: 어둠의 정원 | ECO PHOTO ARCHIVE,3.0,,ISSUE11_EPA Re-View《대지의 시간 Time of the Earth》 > 웹진 | ECO PHOTO ARCHIVE,2.0,,늪에 빠진 사진가 이야기 ISSUE27_EPA Artist_ 정봉채 > 웹진 | ECO PHOTO ARCHIVE,7.0,,김영래 :: 한국의 갯벌 | ECO PHOTO ARCHIVE,4.0
작가 4 페이지 | ECO PHOTO ARCHIVE,5.0,,추수 | ECO PHOTO ARCHIVE,3.0,,| ECO PHOTO ARCHIVE,2.0,,박나윤 :: THE LIFE | ECO PHOTO ARCHIVE,7.0,,김영래 > 작가 | ECO PHOTO ARCHIVE,4.0
"2021년 여름, 전남 화순군 춘양면9 > 갤러리 | ECO PHOTO ARCHIVE",4.0,,플라스틱 | ECO PHOTO ARCHIVE,3.0,,금개구리 | ECO PHOTO ARCHIVE,2.0,,박종우 :: 갈라파고스제도 | ECO PHOTO ARCHIVE,7.0,,김정대 > 작가 | ECO PHOTO ARCHIVE,4.0
asd > 웹진 | ECO PHOTO ARCHIVE,4.0,,환경 운동 | ECO PHOTO ARCHIVE,3.0,,기관명 | ECO PHOTO ARCHIVE,2.0,,박형근 :: 곶자왈 | ECO PHOTO ARCHIVE,7.0,,박종우 :: 서해구지도 | ECO PHOTO ARCHIVE,4.0
강흥구 | ECO PHOTO ARCHIVE,4.0,,환경사진아카이브 개인정보처리방침 > 공지사항 | ECO PHOTO ARCHIVE,3.0,,김원 > 작가 | ECO PHOTO ARCHIVE,2.0,,성남훈 > 작가 | ECO PHOTO ARCHIVE,7.0,,박종호 :: 태백의 숲 | ECO PHOTO ARCHIVE,4.0
갤러리 글수정 | ECO PHOTO ARCHIVE,4.0,,황사 | ECO PHOTO ARCHIVE,3.0,,도토리 | ECO PHOTO ARCHIVE,2.0,,안홍범 :: 고천암 | ECO PHOTO ARCHIVE,7.0,,박홍순 :: 남해안 | ECO PHOTO ARCHIVE,4.0
고정남 | ECO PHOTO ARCHIVE,4.0,,21세기 이스터 섬에서 고도를 기다리며 > 작가 | ECO PHOTO ARCHIVE,2.0,,목표 | ECO PHOTO ARCHIVE,2.0,,엄상빈 :: 아바이마을 | ECO PHOTO ARCHIVE,7.0,,순환 | ECO PHOTO ARCHIVE,4.0
금낭화 | ECO PHOTO ARCHIVE,4.0,,ECO PHOTO | 그누보드5,2.0,,박시연 > 에코포토기획 | ECO PHOTO ARCHIVE,2.0,,이성수 :: 새만금 | ECO PHOTO ARCHIVE,7.0,,엄상빈 :: 고성산불 | ECO PHOTO ARCHIVE,4.0
밀양 | ECO PHOTO ARCHIVE,4.0,,EPA_ZINE 21_EPA Artist <김순임> > 웹진 | ECO PHOTO ARCHIVE,2.0,,박종우 | ECO PHOTO ARCHIVE,2.0,,장재연 :: 사랑해 만타 | ECO PHOTO ARCHIVE,7.0,,온산병 | ECO PHOTO ARCHIVE,4.0
박종우 > 작가 | ECO PHOTO ARCHIVE,4.0,,"EPA_ZINE_32_EPA Works_자연의 모습을 기억하기, 알기, 보여주기 > 웹진 | ECO PHOTO ARCHIVE",2.0,,박찬원 :: 돼지 | ECO PHOTO ARCHIVE,2.0,,전자 | ECO PHOTO ARCHIVE,7.0,,울릉도 | ECO PHOTO ARCHIVE,4.0
박찬원 :: 시정마 | ECO PHOTO ARCHIVE,4.0,,"EPA_ZINE_33_EPA Works_자연의 모습을 기억하기, 알기, 보여주기 > 웹진 | ECO PHOTO ARCHIVE",2.0,,박찬원 :: 소우주 | ECO PHOTO ARCHIVE,2.0,,전형무 :: 용담 위로 나는 새 | ECO PHOTO ARCHIVE,7.0,,이건영 > 작가 | ECO PHOTO ARCHIVE,4.0
쌀을 닮다 | ECO PHOTO ARCHIVE,4.0,,"Episode, covid-19 > 작가 | ECO PHOTO ARCHIVE",2.0,,사대강 | ECO PHOTO ARCHIVE,2.0,,조우혜 :: MB River | ECO PHOTO ARCHIVE,7.0,,이동근 :: 유학생 | ECO PHOTO ARCHIVE,4.0
엄상빈 | ECO PHOTO ARCHIVE,4.0,,ISSUE21_EPA Artist <김순임> > 웹진 | ECO PHOTO ARCHIVE,2.0,,에코포토 7 페이지 | ECO PHOTO ARCHIVE,2.0,,주도양 > 작가 | ECO PHOTO ARCHIVE,7.0,,이한구 | ECO PHOTO ARCHIVE,4.0
에너지 | ECO PHOTO ARCHIVE,4.0,,Jennifer Tilly | ECO PHOTO ARCHIVE,2.0,,온산병 | ECO PHOTO ARCHIVE,2.0,,지성배 :: 어둠의 정원 | ECO PHOTO ARCHIVE,7.0,,조우혜 :: MB River | ECO PHOTO ARCHIVE,4.0
에코포토 2 페이지 | ECO PHOTO ARCHIVE,4.0,,가난 | ECO PHOTO ARCHIVE,2.0,,"이세현 :: Episode, covid-19 | ECO PHOTO ARCHIVE",2.0,,하늘 | ECO PHOTO ARCHIVE,7.0,,조우혜 :: NewTown | ECO PHOTO ARCHIVE,4.0
에코포토 글쓰기 | ECO PHOTO ARCHIVE,4.0,,가을 | ECO PHOTO ARCHIVE,2.0,,작종우 | ECO PHOTO ARCHIVE,2.0,,한성필 :: 사람의 땅 | ECO PHOTO ARCHIVE,7.0,,철새 새만금 | ECO PHOTO ARCHIVE,4.0
에코포토기획 글쓰기 | ECO PHOTO ARCHIVE,4.0,,강 | ECO PHOTO ARCHIVE,2.0,,정봉채 > 작가 | ECO PHOTO ARCHIVE,2.0,,해녀 | ECO PHOTO ARCHIVE,7.0,,최열 | ECO PHOTO ARCHIVE,4.0
이건영 | ECO PHOTO ARCHIVE,4.0,,강진주 | ECO PHOTO ARCHIVE,2.0,,지성배 :: Y_Complex | ECO PHOTO ARCHIVE,2.0,,"ISSUE03 _EPA NEWS_ 두고 온 시간, 안홍범 사진전 개최 > 웹진 | ECO PHOTO ARCHIVE",6.0,,ISSUE 56_ EPA Focus _ 미래에서 온 원숭이들 > 웹진 | ECO PHOTO ARCHIVE,3.0
이재민 | ECO PHOTO ARCHIVE,4.0,,갤러리 1 페이지 | 그누보드5,2.0,,지성배 :: 어둠의 정원 | ECO PHOTO ARCHIVE,2.0,,ISSUE09_EPA 한국 환경 이슈_새만금은 어디인가요? > 웹진 | ECO PHOTO ARCHIVE,6.0,,"ISSUE 59 _ EPA News _ 41.6% 1인가구, 나 홀로 집에 > 웹진 | ECO PHOTO ARCHIVE",3.0
작가 5 페이지 | ECO PHOTO ARCHIVE,4.0,,겨울철새 | ECO PHOTO ARCHIVE,2.0,,최영진 :: 경동시장 | ECO PHOTO ARCHIVE,2.0,,ISSUE10_EPA Artist <김정대 작가의 야생의 실천> > 웹진 | ECO PHOTO ARCHIVE,6.0,,"ISSUE32_EPA Works_자연의 모습을 기억하기, 알기, 보여주기 > 웹진 | ECO PHOTO ARCHIVE",3.0
조현택 > THEME PHOTO | 그누보드5,4.0,,금낭화 | ECO PHOTO ARCHIVE,2.0,,코로나 광주 > 작가 | ECO PHOTO ARCHIVE,2.0,,ISSUE17_EPA NEWS_미술관-탄소-프로젝트 > 웹진 | ECO PHOTO ARCHIVE,6.0,,강홍구 :: 황학동 | ECO PHOTO ARCHIVE,3.0
조현택 > 작가 | ECO PHOTO ARCHIVE,4.0,,기후불평등 | ECO PHOTO ARCHIVE,2.0,,# Alone Together > 에코포토기획 | ECO PHOTO ARCHIVE,1.0,,ISSUE18_EPA NEWS_기후 위기 시대 미술관의 친환경 실천 > 웹진 | ECO PHOTO ARCHIVE,6.0,,갤러리 1 페이지 | ECO PHOTO ARCHIVE,3.0
지율스님 | ECO PHOTO ARCHIVE,4.0,,낙동강 | ECO PHOTO ARCHIVE,2.0,,"1인가구, 중력을 떠난 일상 > 작가 | ECO PHOTO ARCHIVE",1.0,,ISSUE30_EPA News <4월 25일은 세계 펭귄의 날 World Penguin Day> > 웹진 | ECO PHOTO ARCHIVE,6.0,,도시나무 | ECO PHOTO ARCHIVE,3.0
지율스님 천성산 밀밭늪01 | ECO PHOTO ARCHIVE,4.0,,농사 | ECO PHOTO ARCHIVE,2.0,,ARCHIVE PHOTO ÉCO,1.0,,"ISSUE31_EPA News <전시장으로 옮겨 온 기후범죄 재판소 : ""멸종 전쟁"" 제14회 광주비엔날레 네덜란드 파빌리온> > 웹진 | ECO PHOTO ARCHIVE",6.0,,리일천 :: 코로나 광주 | ECO PHOTO ARCHIVE,3.0
태풍 | ECO PHOTO ARCHIVE,4.0,,대기오염 | ECO PHOTO ARCHIVE,2.0,,"COVID 19, 세브란스 코로나 병동의 기록 > 작가 | ECO PHOTO ARCHIVE",1.0,,ISSUE_60_웰컴 2025_달력을 넘기며 > 웹진 | ECO PHOTO ARCHIVE,6.0,,"박기호 :: COVID 19, 세브란스 코로나 병동의 기록 | ECO PHOTO ARCHIVE",3.0
환경사진아카이브 개인정보처리방침 > 공지사항 | ECO PHOTO ARCHIVE,4.0,,동물 | ECO PHOTO ARCHIVE,2.0,,"COVID-19 불안, 이동, 불확실성_01 > 에코포토 | ECO PHOTO ARCHIVE",1.0,,강홍구 :: 그린벨트 | ECO PHOTO ARCHIVE,6.0,,박나윤 :: THE LIFE | ECO PHOTO ARCHIVE,3.0
20141009 | ECO PHOTO ARCHIVE,3.0,,리일천 :: 코로나 광주 | ECO PHOTO ARCHIVE,2.0,,"COVID-19 불안, 이동, 불확실성_08 > 에코포토 | ECO PHOTO ARCHIVE",1.0,,강홍구 :: 잠 | ECO PHOTO ARCHIVE,6.0,,박정근 | ECO PHOTO ARCHIVE,3.0
covid19 | ECO PHOTO ARCHIVE,3.0,,박홍순 :: 남해안 | ECO PHOTO ARCHIVE,2.0,,EPA_ZINE_17_EPA NEWS _ 국립현대미술관 다원예술 2022 《미술관-탄소-프로젝트》개최 > 웹진 ECO PHOTO ARCHIVE,1.0,,김영래 > 작가 | ECO PHOTO ARCHIVE,6.0,,박종호 :: 고랭지배추 | ECO PHOTO ARCHIVE,3.0
dmz | ECO PHOTO ARCHIVE,3.0,,박홍순 :: 한강 | ECO PHOTO ARCHIVE,2.0,,"EPA_ZINE_18_EPA NEWS ""기후 위기 시대 미술관 친환경 실천!"" > 웹진 | ECO PHOTO ARCHIVE",1.0,,김원 :: 동자동 사람들 | ECO PHOTO ARCHIVE,6.0,,박찬원 :: 시정마 | ECO PHOTO ARCHIVE,3.0
ㅁㄴㅇ > 웹진 | ECO PHOTO ARCHIVE,3.0,,북극곰 | ECO PHOTO ARCHIVE,2.0,,PHOTOGRAPHER | 그누보드5,1.0,,김흥구 > 작가 | ECO PHOTO ARCHIVE,6.0,,"박홍순 :: 새만금,그럼에도 불구하고 | ECO PHOTO ARCHIVE",3.0
강원 철원01 | ECO PHOTO ARCHIVE,3.0,,서영주 > 작가 | ECO PHOTO ARCHIVE,2.0,,tnv | ECO PHOTO ARCHIVE,1.0,,리일천 :: 코로나 광주 | ECO PHOTO ARCHIVE,6.0,,빙하 | ECO PHOTO ARCHIVE,3.0
강진주 :: 채소도감 | 그누보드5,3.0,,서해 구지도 해병대 | ECO PHOTO ARCHIVE,2.0,,강민아 > 에코포토기획 | ECO PHOTO ARCHIVE,1.0,,박기호 :: 고요한 경계 | ECO PHOTO ARCHIVE,6.0,,신은경 :: 기장풍경 | ECO PHOTO ARCHIVE,3.0
거리의 차이 | ECO PHOTO ARCHIVE,3.0,,소비 | ECO PHOTO ARCHIVE,2.0,,강홍구 | ECO PHOTO ARCHIVE,1.0,,박종우 > 작가 | ECO PHOTO ARCHIVE,6.0,,오석근 :: 창밖의 풍경만이 내가 볼 수 있는 세계라면 | ECO PHOTO ARCHIVE,3.0
검색결과 | 그누보드5,3.0,,습지 | ECO PHOTO ARCHIVE,2.0,,갤러리 3 페이지 | ECO PHOTO ARCHIVE,1.0,,박지원 :: 격리인간 9156 | ECO PHOTO ARCHIVE,6.0,,이규철 :: 제주 비자림 | ECO PHOTO ARCHIVE,3.0
격리인간 0022 | ECO PHOTO ARCHIVE,3.0,,식량 | ECO PHOTO ARCHIVE,2.0,,갤러리 5 페이지 | ECO PHOTO ARCHIVE,1.0,,"박홍순 :: 사대강-강, 스스로 그러하다 | ECO PHOTO ARCHIVE",6.0,,이성수 :: 동강 | ECO PHOTO ARCHIVE,3.0
곶자왈도립공원 | ECO PHOTO ARCHIVE,3.0,,신희수 :: 자영업자의 초상 | ECO PHOTO ARCHIVE,2.0,,갤러리 6 페이지 | ECO PHOTO ARCHIVE,1.0,,"박홍순 :: 새만금,그럼에도 불구하고 | ECO PHOTO ARCHIVE",6.0,,이성수 :: 함께사는길 주요사진 | ECO PHOTO ARCHIVE,3.0
꽃과 이슬방울 | ECO PHOTO ARCHIVE,3.0,,엑셀 업로드 | 그누보드5,2.0,,갤러리 7 페이지 | ECO PHOTO ARCHIVE,1.0,,방명주 :: 부뚜막꽃 | ECO PHOTO ARCHIVE,6.0,,이세중 | ECO PHOTO ARCHIVE,3.0
물 | ECO PHOTO ARCHIVE,3.0,,오석근 :: 창밖 풍경만이 내가 볼 수 있는 세계라면 | ECO PHOTO ARCHIVE,2.0,,고립된 생에 관하여 > 작가 | ECO PHOTO ARCHIVE,1.0,,"사라지는 것들을 향한 엘레지, 김언지 작가의 ""숨, 결"" ISSUE29_EPA Artist 김언지 > 웹진 | ECO PHOTO ARCHIVE",6.0,,인도네시아 | ECO PHOTO ARCHIVE,3.0
박종우 | ECO PHOTO ARCHIVE,3.0,,작가 1 페이지 | 그누보드5,2.0,,고시텔 > 작가 | ECO PHOTO ARCHIVE,1.0,,"성남훈 :: 베트남, 노천탄광 | ECO PHOTO ARCHIVE",6.0,,임안나 :: 코로나 19 모아유치원 | ECO PHOTO ARCHIVE,3.0
분단 | ECO PHOTO ARCHIVE,3.0,,장재연 > 작가 | ECO PHOTO ARCHIVE,2.0,,고은희 > 에코포토기획 | ECO PHOTO ARCHIVE,1.0,,"성남훈 :: 우즈베키스탄, 아랄해 사막화 | ECO PHOTO ARCHIVE",6.0,,임채욱 :: 설악산 | ECO PHOTO ARCHIVE,3.0
사대강 낙동강 | ECO PHOTO ARCHIVE,3.0,,재난 | ECO PHOTO ARCHIVE,2.0,,광주 | ECO PHOTO ARCHIVE,1.0,,신희수 :: 자영업자의 초상 | ECO PHOTO ARCHIVE,6.0,,임채욱 :: 월천리 솔섬 | ECO PHOTO ARCHIVE,3.0
서해 구지도 해병대 | ECO PHOTO ARCHIVE,3.0,,재해 | ECO PHOTO ARCHIVE,2.0,,기후위기 | ECO PHOTO ARCHIVE,1.0,,엄상빈 :: 생명의 소리 | ECO PHOTO ARCHIVE,6.0,,임채욱 :: 지리산 가는 길 | ECO PHOTO ARCHIVE,3.0
에코포토 10 페이지 | ECO PHOTO ARCHIVE,3.0,,재해 복원 | ECO PHOTO ARCHIVE,2.0,,김경훈 > 에코포토기획 | ECO PHOTO ARCHIVE,1.0,,엄상빈 > 작가 | ECO PHOTO ARCHIVE,6.0,,자연 | ECO PHOTO ARCHIVE,3.0
에코포토 5 페이지 | ECO PHOTO ARCHIVE,3.0,,지구 | ECO PHOTO ARCHIVE,2.0,,김미루 | ECO PHOTO ARCHIVE,1.0,,"오래된 예언, 황규태의 묵시록적인 사진 ISSUE02_ EPA WORKS , 황규태 > 웹진 | ECO PHOTO ARCHIVE",6.0,,작가 2 페이지 | ECO PHOTO ARCHIVE,3.0
오석근 | ECO PHOTO ARCHIVE,3.0,,지구온난화 | ECO PHOTO ARCHIVE,2.0,,누드 | ECO PHOTO ARCHIVE,1.0,,오석근 :: 창밖 풍경만이 내가 볼 수 있는 세계라면 | ECO PHOTO ARCHIVE,6.0,,장승 | ECO PHOTO ARCHIVE,3.0
유치원 | ECO PHOTO ARCHIVE,3.0,,지성배 :: Human Refinery | ECO PHOTO ARCHIVE,2.0,,대기오염 | ECO PHOTO ARCHIVE,1.0,,온산병 | ECO PHOTO ARCHIVE,6.0,,장재연 :: 사랑해 만타 | ECO PHOTO ARCHIVE,3.0
이동근 > 작가 | ECO PHOTO ARCHIVE,3.0,,지성배 :: Y_Complex | ECO PHOTO ARCHIVE,2.0,,동자동 사람들 > 작가 | ECO PHOTO ARCHIVE,1.0,,윤정미 > 작가 | ECO PHOTO ARCHIVE,6.0,,장재연 :: 생명의 고향으로 800번의 귀향 | ECO PHOTO ARCHIVE,3.0
이세현 > THEME PHOTO | 그누보드5,3.0,,진동계곡 | ECO PHOTO ARCHIVE,2.0,,마지막 광부들 > 작가 | ECO PHOTO ARCHIVE,1.0,,윤창수 :: 거리의차이(같지만 다른) | ECO PHOTO ARCHIVE,6.0,,전은선 :: 플라스틱 아일랜드 | ECO PHOTO ARCHIVE,3.0
일출 | ECO PHOTO ARCHIVE,3.0,,최형락 | ECO PHOTO ARCHIVE,2.0,,박종권 > 에코포토기획 | ECO PHOTO ARCHIVE,1.0,,이동근 :: 유학생 | ECO PHOTO ARCHIVE,6.0,,정예름 | ECO PHOTO ARCHIVE,3.0
작가 1 페이지 | 그누보드5,3.0,,침수 | ECO PHOTO ARCHIVE,2.0,,박찬원 :: 경주마 | ECO PHOTO ARCHIVE,1.0,,이동문 :: 삼락의 깃발 | ECO PHOTO ARCHIVE,6.0,,조수정원 > 작가 | ECO PHOTO ARCHIVE,3.0
작가 2 페이지 | ECO PHOTO ARCHIVE,3.0,,태풍 | ECO PHOTO ARCHIVE,2.0,,박찬원 :: 소금밭 | ECO PHOTO ARCHIVE,1.0,,이재용 > 작가 | ECO PHOTO ARCHIVE,6.0,,한성필 :: 제주와 연천 | ECO PHOTO ARCHIVE,3.0
재개발 | ECO PHOTO ARCHIVE,3.0,,폭염 | ECO PHOTO ARCHIVE,2.0,,반려동물 > 작가 | ECO PHOTO ARCHIVE,1.0,,이진경 > 작가 | ECO PHOTO ARCHIVE,6.0,,한희준 :: 포스코의 역군들 | ECO PHOTO ARCHIVE,3.0
천성산 | ECO PHOTO ARCHIVE,3.0,,허수아비 | ECO PHOTO ARCHIVE,2.0,,반려동물 | ECO PHOTO ARCHIVE,1.0,,지성배 :: Human Refinery | ECO PHOTO ARCHIVE,6.0,,한희준 | ECO PHOTO ARCHIVE,3.0
천연기념물 | ECO PHOTO ARCHIVE,3.0,,홍수 | ECO PHOTO ARCHIVE,2.0,,비둘기 | ECO PHOTO ARCHIVE,1.0,,한성필 :: Iceland Whaling Sites | ECO PHOTO ARCHIVE,6.0,,해양쓰레기 | ECO PHOTO ARCHIVE,3.0
철새 | ECO PHOTO ARCHIVE,3.0,,환경 오염 | ECO PHOTO ARCHIVE,2.0,,사랑해 만타 > 작가 | ECO PHOTO ARCHIVE,1.0,,ISSUE07_EPA Artist <이진경> > 웹진 | ECO PHOTO ARCHIVE,5.0,,"ISSUE08_EPA News,_2011년 3월 11일 14시 46분, 김지연의 기록 > 웹진 | ECO PHOTO ARCHIVE",2.0
코로나19 사진 포트폴리오 공모 > 에코포토기획 | ECO PHOTO ARCHIVE,3.0,,"EPA_ZINE_17_EPA NEWS ""기후 위기 시대 미술관 친환경 실천!"" > 웹진 | ECO PHOTO ARCHIVE",1.0,,소나무 | ECO PHOTO ARCHIVE,1.0,,ISSUE12_EPA Monument_클라우스 슈텍의 환경포스터 > 웹진 | ECO PHOTO ARCHIVE,5.0,,ISSUE37_EPA News_(재)숲과나눔 ‘1인 가구’ 사진 포트폴리오 공모 > 웹진 | ECO PHOTO ARCHIVE,2.0
하지권 > 작가 | ECO PHOTO ARCHIVE,3.0,,"Episode, covid-19 > 작가 | 그누보드5",1.0,,수달 | ECO PHOTO ARCHIVE,1.0,,ISSUE25_EPA Artist 박나윤_ ‘개친절’한 나윤씨의 ‘개아름다운’ 사진들 > 웹진 | ECO PHOTO ARCHIVE,5.0,,dkdl | ECO PHOTO ARCHIVE,2.0
Alesund | ECO PHOTO ARCHIVE,2.0,,HOME SWEET HOME > 작가 | ECO PHOTO ARCHIVE,1.0,,숨결 > 작가 | ECO PHOTO ARCHIVE,1.0,,ISSUE26_EPA NEWS_우리가 잃어버린 것들을 찾아서 > 웹진 | ECO PHOTO ARCHIVE,5.0,,가로수 | ECO PHOTO ARCHIVE,2.0
COVID19 불안 | ECO PHOTO ARCHIVE,2.0,,ISSUE07_EPA Artist <이진경> > 웹진 | ECO PHOTO ARCHIVE⁤,1.0,,습지 | ECO PHOTO ARCHIVE,1.0,,"ISSUE32_EPA Works_자연의 모습을 기억하기, 알기, 보여주기 > 웹진 | ECO PHOTO ARCHIVE",5.0,,강홍구 :: 청주-일곱 마을의 도시 | ECO PHOTO ARCHIVE,2.0
HebeiTaean | ECO PHOTO ARCHIVE,2.0,,ISSUE23_EPA News <2022 담양아트위크 “유유자적(悠悠自適)” 참여한 EPA작가들> > 웹진 | ECO PHOTO ARCHIVE,1.0,,"아름답고 슬픈 풍경, 새만금 > 작가 | ECO PHOTO ARCHIVE",1.0,,ISSUE43_EPA Artist_Works_예술이 된 방사성 물질 해독제 > 웹진 | ECO PHOTO ARCHIVE,5.0,,강홍구 | ECO PHOTO ARCHIVE,2.0
"ISSUE04 EPA NEWS _ <사진, 지구를 대신하여 인류에게 경고하다> > 웹진 | ECO PHOTO ARCHIVE",2.0,,ISSUE31_EPA News <멸종 전쟁 - 제14회 광주비엔날레 네덜란드 파빌리온> > 웹진 | ECO PHOTO ARCHIVE,1.0,,안준 | ECO PHOTO ARCHIVE,1.0,,강재훈 > 작가 | ECO PHOTO ARCHIVE,5.0,,나리분지 | ECO PHOTO ARCHIVE,2.0
NyAlesund | ECO PHOTO ARCHIVE,2.0,,ISSUE37_EPA News_(재)숲과나눔 ‘1인 가구’ 사진 포트폴리오 공모 > 웹진 | ECO PHOTO ARCHIVE,1.0,,에어로빅 | ECO PHOTO ARCHIVE,1.0,,강홍구 :: 황학동 | ECO PHOTO ARCHIVE,5.0,,나무 새싹 | ECO PHOTO ARCHIVE,2.0
THEME PHOTO 글수정 | 그누보드5,2.0,,Skrudur | ECO PHOTO ARCHIVE,1.0,,에코포토기획 2 페이지 | ECO PHOTO ARCHIVE,1.0,,김지연 :: 용담댐 | ECO PHOTO ARCHIVE,5.0,,동북아생물다양성연구소 001 > 작가 | ECO PHOTO ARCHIVE,2.0
| 그누보드5,2.0,,THE LIFE > 작가 | ECO PHOTO ARCHIVE,1.0,,"영분, 전지적시점 > 작가 | ECO PHOTO ARCHIVE",1.0,,나무 | ECO PHOTO ARCHIVE,5.0,,동북아생물다양성연구소 002 > 작가 | ECO PHOTO ARCHIVE,2.0
가뭄 | ECO PHOTO ARCHIVE,2.0,,insect | ECO PHOTO ARCHIVE,1.0,,오리너구리 | ECO PHOTO ARCHIVE,1.0,,바다 | ECO PHOTO ARCHIVE,5.0,,박종우 :: 갈라파고스제도 | ECO PHOTO ARCHIVE,2.0
강 | ECO PHOTO ARCHIVE,2.0,,강화도 | ECO PHOTO ARCHIVE,1.0,,우유 | ECO PHOTO ARCHIVE,1.0,,박종호 > 작가 | ECO PHOTO ARCHIVE,5.0,,박지원 :: 격리인간 9156 | ECO PHOTO ARCHIVE,2.0
강유환 > 에코포토기획 | ECO PHOTO ARCHIVE,2.0,,갤러리 2 페이지 | 그누보드5,1.0,,우유팩 | ECO PHOTO ARCHIVE,1.0,,박홍순 :: 남해안 | ECO PHOTO ARCHIVE,5.0,,박찬원 :: 경주마 | ECO PHOTO ARCHIVE,2.0
강재훈 :: 장재연 사장님 인터뷰 | 그누보드5,2.0,,겨울 | ECO PHOTO ARCHIVE,1.0,,우포늪을 보다 > 작가 | ECO PHOTO ARCHIVE,1.0,,생태 | ECO PHOTO ARCHIVE,5.0,,박찬원 :: 루비아나 | ECO PHOTO ARCHIVE,2.0
강재훈 > 작가 | ECO PHOTO ARCHIVE,2.0,,고랭지배추 > 작가 | ECO PHOTO ARCHIVE,1.0,,이기명 | ECO PHOTO ARCHIVE,1.0,,"성남훈 :: 아이티, 지진 | ECO PHOTO ARCHIVE",5.0,,"박홍순 :: 사대강-강, 스스로 그러하다 | ECO PHOTO ARCHIVE",2.0
갤러리 2 페이지 | ECO PHOTO ARCHIVE,2.0,,곤충 | ECO PHOTO ARCHIVE,1.0,,이두기 > 에코포토기획 | ECO PHOTO ARCHIVE,1.0,,숲 | ECO PHOTO ARCHIVE,5.0,,박홍순 :: 서해안 | ECO PHOTO ARCHIVE,2.0
갤러리 글쓰기 | ECO PHOTO ARCHIVE,2.0,,공空상像 > 작가 | ECO PHOTO ARCHIVE,1.0,,이산화티타늄 | ECO PHOTO ARCHIVE,1.0,,안홍범 :: 고천암호 | ECO PHOTO ARCHIVE,5.0,,박홍순 :: 한강 | ECO PHOTO ARCHIVE,2.0
거리의차이(같지만 다른) > 작가 | ECO PHOTO ARCHIVE,2.0,,공장 | ECO PHOTO ARCHIVE,1.0,,이정미 > 에코포토기획 | ECO PHOTO ARCHIVE,1.0,,엄상빈 :: 고성산불 | ECO PHOTO ARCHIVE,5.0,,서영주 :: 공空상像 | ECO PHOTO ARCHIVE,2.0
경주 | ECO PHOTO ARCHIVE,2.0,,공지사항 1 페이지 | 그누보드5,1.0,,이진경 | ECO PHOTO ARCHIVE,1.0,,우리가 잃어버린 것들을 찾아서 ISSUE26_EPA NEWS > 웹진 | ECO PHOTO ARCHIVE,5.0,,"성남훈 :: 우즈베키스탄, 사막화_모인 악크 | ECO PHOTO ARCHIVE",2.0
고양이 | ECO PHOTO ARCHIVE,2.0,,과일 | ECO PHOTO ARCHIVE,1.0,,자연 | ECO PHOTO ARCHIVE,1.0,,원전 | ECO PHOTO ARCHIVE,5.0,,신은경 :: 가마미해수욕장 | ECO PHOTO ARCHIVE,2.0
공해문제연구소 | ECO PHOTO ARCHIVE,2.0,,국화 | ECO PHOTO ARCHIVE,1.0,,자작나무 | ECO PHOTO ARCHIVE,1.0,,이규철 > 작가 | ECO PHOTO ARCHIVE,5.0,,웹진 글쓰기 | ECO PHOTO ARCHIVE,2.0
구제역 매몰지 | ECO PHOTO ARCHIVE,2.0,,금낭화 서울 광화문03 | ECO PHOTO ARCHIVE,1.0,,잠 > 작가 | ECO PHOTO ARCHIVE,1.0,,이상일 > 작가 | ECO PHOTO ARCHIVE,5.0,,이성수 :: 반핵 | ECO PHOTO ARCHIVE,2.0
귀룽나무 | ECO PHOTO ARCHIVE,2.0,,기후변화 | ECO PHOTO ARCHIVE,1.0,,저어새 | ECO PHOTO ARCHIVE,1.0,,이성수 :: 매향리 | ECO PHOTO ARCHIVE,5.0,,이성수 :: 사대강 | ECO PHOTO ARCHIVE,2.0
기후 | ECO PHOTO ARCHIVE,2.0,,기후불평 | ECO PHOTO ARCHIVE,1.0,,전제훈 :: 마지막 광부들 | ECO PHOTO ARCHIVE,1.0,,이세현 > 작가 | ECO PHOTO ARCHIVE,5.0,,"이성수 :: 생명안전,식품안전,석면,공단 | ECO PHOTO ARCHIVE",2.0
대기오염 | ECO PHOTO ARCHIVE,2.0,,깃대종 | ECO PHOTO ARCHIVE,1.0,,전제훈 > 작가 | ECO PHOTO ARCHIVE,1.0,,"이진경 작가의 진경산수 ISSUE07_EPA Artist, 이진경 > 웹진 | ECO PHOTO ARCHIVE",5.0,,이시재 | ECO PHOTO ARCHIVE,2.0
대상 | ECO PHOTO ARCHIVE,2.0,,꼭두각시 | ECO PHOTO ARCHIVE,1.0,,정민옥 > 에코포토기획 | ECO PHOTO ARCHIVE,1.0,,임채욱 :: 설악산 | ECO PHOTO ARCHIVE,5.0,,작가 4 페이지 | ECO PHOTO ARCHIVE,2.0
동물 | ECO PHOTO ARCHIVE,2.0,,노동 | ECO PHOTO ARCHIVE,1.0,,조준태 > 에코포토기획 | ECO PHOTO ARCHIVE,1.0,,작가 8 페이지 | ECO PHOTO ARCHIVE,5.0,,작가 5 페이지 | ECO PHOTO ARCHIVE,2.0
두물머리 | ECO PHOTO ARCHIVE,2.0,,누가 그들을 이렇게 경이롭게 했는가 > 작가 | ECO PHOTO ARCHIVE,1.0,,주도양 > 작가 | ECO PHOTO ARCHIVE,1.0,,장소영 :: 겨울깃 | ECO PHOTO ARCHIVE,5.0,,장재연 | ECO PHOTO ARCHIVE,2.0
리일천 > 에코포토기획 | ECO PHOTO ARCHIVE,2.0,,도서관 | ECO PHOTO ARCHIVE,1.0,,청솔모 | ECO PHOTO ARCHIVE,1.0,,장재연 > 작가 | ECO PHOTO ARCHIVE,5.0,,전은선 :: 산타마리아 | ECO PHOTO ARCHIVE,2.0
리일천 > 작가 | ECO PHOTO ARCHIVE,2.0,,동강 | ECO PHOTO ARCHIVE,1.0,,최성문 > 에코포토기획 | ECO PHOTO ARCHIVE,1.0,,전은선 :: 산타마리아 | ECO PHOTO ARCHIVE,5.0,,전은선 :: 이브의 정원 | ECO PHOTO ARCHIVE,2.0
물 부족 | ECO PHOTO ARCHIVE,2.0,,무더위 | ECO PHOTO ARCHIVE,1.0,,코로나 자화상 - Ann > 에코포토 | ECO PHOTO ARCHIVE,1.0,,전은선 > 작가 | ECO PHOTO ARCHIVE,5.0,,전형무 :: 용담 위로 나는 새 | ECO PHOTO ARCHIVE,2.0
박경리 | ECO PHOTO ARCHIVE,2.0,,무소유 | ECO PHOTO ARCHIVE,1.0,,코로나 자화상 - 박아란 > 에코포토 | ECO PHOTO ARCHIVE,1.0,,전제훈 :: 마지막 광부들 | ECO PHOTO ARCHIVE,5.0,,점박이물범 | ECO PHOTO ARCHIVE,2.0
박부곤 | ECO PHOTO ARCHIVE,2.0,,문섬 | ECO PHOTO ARCHIVE,1.0,,티타늄 | ECO PHOTO ARCHIVE,1.0,,정봉채 > 작가 | ECO PHOTO ARCHIVE,5.0,,조대연 새만금 | ECO PHOTO ARCHIVE,2.0
박정근 | ECO PHOTO ARCHIVE,2.0,,문어 | ECO PHOTO ARCHIVE,1.0,,플라스틱Plastic > 작가 | ECO PHOTO ARCHIVE,1.0,,제주 | ECO PHOTO ARCHIVE,5.0,,철새 새마금 | ECO PHOTO ARCHIVE,2.0
박종우 :: 서해구지도 | 그누보드5,2.0,,물살이 | ECO PHOTO ARCHIVE,1.0,,한강 | ECO PHOTO ARCHIVE,1.0,,조대연 > 작가 | ECO PHOTO ARCHIVE,5.0,,철세 | ECO PHOTO ARCHIVE,2.0
버들하늘소00 | ECO PHOTO ARCHIVE,2.0,,미래 | ECO PHOTO ARCHIVE,1.0,,한강공원 | ECO PHOTO ARCHIVE,1.0,,주도양 :: 시선의 기원 | ECO PHOTO ARCHIVE,5.0,,하늘 | ECO PHOTO ARCHIVE,2.0
복수초 | ECO PHOTO ARCHIVE,2.0,,박찬원 :: 루비아나 | ECO PHOTO ARCHIVE,1.0,,한희준 :: 플라스틱Plastic | ECO PHOTO ARCHIVE,1.0,,최광호 :: 쓰레기 매립 | ECO PHOTO ARCHIVE,5.0,,한성필 jeju | ECO PHOTO ARCHIVE,2.0
봄풍경 | ECO PHOTO ARCHIVE,2.0,,방폐장 | ECO PHOTO ARCHIVE,1.0,,한희준 > 작가 | ECO PHOTO ARCHIVE,1.0,,최영진 :: 경동시장 | ECO PHOTO ARCHIVE,5.0,,한성필 | ECO PHOTO ARCHIVE,2.0
분리수거 | ECO PHOTO ARCHIVE,2.0,,방폐짱 | ECO PHOTO ARCHIVE,1.0,,해녀 | ECO PHOTO ARCHIVE,1.0,,최형락 > 작가 | ECO PHOTO ARCHIVE,5.0,,1인 | ECO PHOTO ARCHIVE,1.0
빼앗긴 들에도 | ECO PHOTO ARCHIVE,2.0,,백록담 | ECO PHOTO ARCHIVE,1.0,,혼자 사는 청년들 > 작가 | ECO PHOTO ARCHIVE,1.0,,페놀 | ECO PHOTO ARCHIVE,5.0,,21세기 이스터 섬에서 고도를 기다리며 > 작가 | ECO PHOTO ARCHIVE,1.0
산딸나무 | ECO PHOTO ARCHIVE,2.0,,북한산 | ECO PHOTO ARCHIVE,1.0,,환경 | ECO PHOTO ARCHIVE,1.0,,"한성필 개인전, <표면의 이면 Inverted Surfaces> ISSUE19_EPA NEWS > 웹진 | ECO PHOTO ARCHIVE",5.0,,4대강 | ECO PHOTO ARCHIVE,1.0
새글 | ECO PHOTO ARCHIVE,2.0,,불 | ECO PHOTO ARCHIVE,1.0,,회원가입약관 | ECO PHOTO ARCHIVE,1.0,,핵 | ECO PHOTO ARCHIVE,5.0,,ISSUE09_EPA 한국 환경 이슈_새만금은 어디인가요? > 웹진 | ECO PHOTO ARCHIVE,1.0
생물다양성 | ECO PHOTO ARCHIVE,2.0,,불평등 | ECO PHOTO ARCHIVE,1.0,,FOTOGRAF | ECO-FOTOARCHIV,0.0,,"오색찬란' 단풍 시절, 꼭 봐야 할 사진 ISSUE22_EPA Artist, 임채욱 > 웹진 | ECO PHOTO ARCHIVE",4.0,,ISSUE20_EPA NEWS_자연사 박물관에는 무엇을 전시할까? > 웹진 | ECO PHOTO ARCHIVE,1.0
섬 | ECO PHOTO ARCHIVE,2.0,,비 | ECO PHOTO ARCHIVE,1.0,,ISSUE01_ EPA Research <Thanh niên ghi lại vụ say núi bằng ảnh> > Webzine | LƯU TRỮ ẢNH SINH THÁI,0.0,,2100년에 꼭 봐야 할 사진 ISSUE38_EPA Artist_한희준 > 웹진 | ECO PHOTO ARCHIVE,4.0,,Re: 김영래 > 작가 | ECO PHOTO ARCHIVE,1.0
속초 청초호 | ECO PHOTO ARCHIVE,2.0,,비건 | ECO PHOTO ARCHIVE,1.0,,ISSUE07_EPA Artiste <Jinkyung Lee> > Webzine | ARCHIVES DE PHOTOS ÉCO,0.0,,EPA_ZINE_46_EPA Artist_심규동 > 웹진 | ECO PHOTO ARCHIVE,4.0,,bi | ECO PHOTO ARCHIVE,1.0
수해 | ECO PHOTO ARCHIVE,2.0,,비무장지대 | ECO PHOTO ARCHIVE,1.0,,"Namhoon Seong :: China, Chakannor-See-Wüsten-Toilettenpapier | ECO-FOTOARCHIV",0.0,,ISSUE 05_EPA NEWS_2021년 올해의 사진에 선정 된 임안나 작가의 사진 > 웹진 | ECO PHOTO ARCHIVE,4.0,,eco | ECO PHOTO ARCHIVE,1.0
수확 | ECO PHOTO ARCHIVE,2.0,,빈곤 | ECO PHOTO ARCHIVE,1.0,,"Namhoon Seong :: Indonesien, Zinnmine | ECO-FOTOARCHIV",0.0,,"ISSUE04_ EPA NEWS_사진, 지구를 대신하여 인류에게 경고하다 > 웹진 | ECO PHOTO ARCHIVE",4.0,,가덕도 | ECO PHOTO ARCHIVE,1.0
어구를 거두는 사람들 > 작가 | 그누보드5,2.0,,산불 > 작가 | ECO PHOTO ARCHIVE,1.0,,"Namhoon Seong :: Korea, Lebensraum für Zugvögel | ECO-FOTOARCHIV",0.0,,ISSUE36_EPA News_0.1cm 극지로 떠난 예술가들_박홍순 작가 참여 > 웹진 | ECO PHOTO ARCHIVE,4.0,,가습기 | ECO PHOTO ARCHIVE,1.0
에코포토 3 페이지 | ECO PHOTO ARCHIVE,2.0,,산업 | ECO PHOTO ARCHIVE,1.0,,"Namhoon Seong :: Vietnam, Tagebau-Kohlenbergwerk | ECO-FOTOARCHIV",0.0,,ISSUE39_EPA Artist_박종호 > 웹진 | ECO PHOTO ARCHIVE,4.0,,강재훈 :: 해녀 | 그누보드5,1.0
에코포토 4 페이지 | ECO PHOTO ARCHIVE,2.0,,산업재해 | ECO PHOTO ARCHIVE,1.0,,"Seong Nam-hoon :: Korea, Ölunfall | ECO-FOTOARCHIV",0.0,,| ECO PHOTO ARCHIVE,4.0,,개포동 | ECO PHOTO ARCHIVE,1.0
에코포토 7 페이지 | ECO PHOTO ARCHIVE,2.0,,산책로 | ECO PHOTO ARCHIVE,1.0,,"Seong Nam-hoon :: Usbekistan, Wüstenbildung am Aralsee | ECO-FOTOARCHIV",0.0,,고라니가 우리를 바라본다. ISSUE42_EPA Artist_문선희 > 웹진 | ECO PHOTO ARCHIVE,4.0,,갤러리 2 페이지 | ECO PHOTO ARCHIVE,1.0
우천 | ECO PHOTO ARCHIVE,2.0,,새 | ECO PHOTO ARCHIVE,1.0,,,,,"김밥을 마는 사진가, 박종호의 태백 사랑 ISSUE39_EPA Artist_박종호 > 웹진 | ECO PHOTO ARCHIVE",4.0,,갤러리 글쓰기 | ECO PHOTO ARCHIVE,1.0
원진 | ECO PHOTO ARCHIVE,2.0,,새만금 | ECO PHOTO ARCHIVE,1.0,,,,,김언지 > 작가 | ECO PHOTO ARCHIVE,4.0,,건물 | ECO PHOTO ARCHIVE,1.0
웹진 글답변 | ECO PHOTO ARCHIVE,2.0,,생명의 고향으로 800번의 귀향 > 작가 | ECO PHOTO ARCHIVE,1.0,,,,,김일목 > 작가 | ECO PHOTO ARCHIVE,4.0,,계절의 자국 | ECO PHOTO ARCHIVE,1.0
유학생 > 작가 | ECO PHOTO ARCHIVE,2.0,,생태계 파괴 | ECO PHOTO ARCHIVE,1.0,,,,,김정대 > 작가 | ECO PHOTO ARCHIVE,4.0,,공릉동 | ECO PHOTO ARCHIVE,1.0
이동문 | ECO PHOTO ARCHIVE,2.0,,서해 구지도 해병대 포격 훈련장에서 죽은 바다새들 | ECO PHOTO ARCHIVE,1.0,,,,,김지연 :: 3.11대지진_도후쿠 | ECO PHOTO ARCHIVE,4.0,,공원 | ECO PHOTO ARCHIVE,1.0
이예령 | ECO PHOTO ARCHIVE,2.0,,"성남훈 :: 아이티, 지진 | ECO PHOTO ARCHIVE",1.0,,,,,노순택 :: 플라스틱 전원일기 | ECO PHOTO ARCHIVE,4.0,,김흥구 | ECO PHOTO ARCHIVE,1.0
이진경 | ECO PHOTO ARCHIVE,2.0,,"성남훈 :: 페루, 금광도시 | ECO PHOTO ARCHIVE",1.0,,,,,동물 | ECO PHOTO ARCHIVE,4.0,,노순택 | ECO PHOTO ARCHIVE,1.0
작가 3 페이지 | ECO PHOTO ARCHIVE,2.0,,소유 | ECO PHOTO ARCHIVE,1.0,,,,,"박기호 :: COVID 19, 세브란스 코로나 병동의 기록 | ECO PHOTO ARCHIVE",4.0,,노원 | ECO PHOTO ARCHIVE,1.0
장남원 | ECO PHOTO ARCHIVE,2.0,,숲과나눔 | ECO PHOTO ARCHIVE,1.0,,,,,박정근 > 작가 | ECO PHOTO ARCHIVE,4.0,,녹색연합 | ECO PHOTO ARCHIVE,1.0
조류 | ECO PHOTO ARCHIVE,2.0,,시선의 기원 > 작가 | ECO PHOTO ARCHIVE,1.0,,,,,박찬원 :: 소금밭 | ECO PHOTO ARCHIVE,4.0,,마을하천 컬렉티브 1기 | ECO PHOTO ARCHIVE,1.0
채소도감 | ECO PHOTO ARCHIVE,2.0,,안면도 | ECO PHOTO ARCHIVE,1.0,,,,,박찬원 :: 시정마 | ECO PHOTO ARCHIVE,4.0,,매향리 | ECO PHOTO ARCHIVE,1.0
천연기념물 저어새의 | ECO PHOTO ARCHIVE,2.0,,알프스 빙하 | ECO PHOTO ARCHIVE,1.0,,,,,박홍순 :: 백두대간 | ECO PHOTO ARCHIVE,4.0,,무등산 | ECO PHOTO ARCHIVE,1.0
천연기념물 저어새의 큰 부리 | ECO PHOTO ARCHIVE,2.0,,알픈스 빙하 | ECO PHOTO ARCHIVE,1.0,,,,,서영주 :: 공空상像 | ECO PHOTO ARCHIVE,4.0,,박정운 | ECO PHOTO ARCHIVE,1.0
충청남도 공주시 | ECO PHOTO ARCHIVE,2.0,,애도 | ECO PHOTO ARCHIVE,1.0,,,,,서영주 > 작가 | ECO PHOTO ARCHIVE,4.0,,박지원 | ECO PHOTO ARCHIVE,1.0
친화 | ECO PHOTO ARCHIVE,2.0,,여성 환경 연대 | ECO PHOTO ARCHIVE,1.0,,,,,"성남훈 :: 페루, 금광도시 | ECO PHOTO ARCHIVE",4.0,,박진원 | ECO PHOTO ARCHIVE,1.0
탄소 | ECO PHOTO ARCHIVE,2.0,,오염 | ECO PHOTO ARCHIVE,1.0,,,,,"성남훈 :: 한국, 기름유출사고 | ECO PHOTO ARCHIVE",4.0,,상전면월포국민학교 | ECO PHOTO ARCHIVE,1.0
탄소중립 | ECO PHOTO ARCHIVE,2.0,,온산병 문제 | ECO PHOTO ARCHIVE,1.0,,,,,성명서 | ECO PHOTO ARCHIVE,4.0,,새만금 철새 | ECO PHOTO ARCHIVE,1.0
파 | ECO PHOTO ARCHIVE,2.0,,온산병사태 | ECO PHOTO ARCHIVE,1.0,,,,,신은경 :: 기장풍경 | ECO PHOTO ARCHIVE,4.0,,새싹 | ECO PHOTO ARCHIVE,1.0
폭풍 | ECO PHOTO ARCHIVE,2.0,,우포 | ECO PHOTO ARCHIVE,1.0,,,,,쓰레기 | ECO PHOTO ARCHIVE,4.0,,서석대 | ECO PHOTO ARCHIVE,1.0
플라스틱 | ECO PHOTO ARCHIVE,2.0,,우포늪 | ECO PHOTO ARCHIVE,1.0,,,,,안홍범 > 작가 | ECO PHOTO ARCHIVE,4.0,,서울숲 | ECO PHOTO ARCHIVE,1.0
한성필 blue | ECO PHOTO ARCHIVE,2.0,,우포늪을 보다 > 작가 | ECO PHOTO ARCHIVE,1.0,,,,,월성리 | ECO PHOTO ARCHIVE,4.0,,"성남훈 :: 아이티, 지진 | ECO PHOTO ARCHIVE",1.0
한성필 | ECO PHOTO ARCHIVE,2.0,,원자력 | ECO PHOTO ARCHIVE,1.0,,,,,이성민 :: 개포동 그곳 프로젝트 | ECO PHOTO ARCHIVE,4.0,,"성남훈 :: 중국, 차칸노르호수 사막화장지 | ECO PHOTO ARCHIVE",1.0
핵발전 | ECO PHOTO ARCHIVE,2.0,,유치원 마스크 | ECO PHOTO ARCHIVE,1.0,,,,,이성수 :: 함께사는길 주요사진 | ECO PHOTO ARCHIVE,4.0,,소나무숲 | ECO PHOTO ARCHIVE,1.0
호박 | ECO PHOTO ARCHIVE,2.0,,음식 | ECO PHOTO ARCHIVE,1.0,,,,,"이성수 :: 행사,생태 | ECO PHOTO ARCHIVE",4.0,,송희민 | ECO PHOTO ARCHIVE,1.0
환경운동연합 | ECO PHOTO ARCHIVE,2.0,,이상기후 | ECO PHOTO ARCHIVE,1.0,,,,,이성수 매향리 | ECO PHOTO ARCHIVE,4.0,,수 | ECO PHOTO ARCHIVE,1.0
환경재단 | ECO PHOTO ARCHIVE,2.0,,인터스텔라 | ECO PHOTO ARCHIVE,1.0,,,,,임영기 :: 사진여정 | ECO PHOTO ARCHIVE,4.0,,수라갯벌 | ECO PHOTO ARCHIVE,1.0
00 | ECO PHOTO ARCHIVE,1.0,,일상 복원 | ECO PHOTO ARCHIVE,1.0,,,,,전영석 :: Wonderland | ECO PHOTO ARCHIVE,4.0,,수은 | ECO PHOTO ARCHIVE,1.0
11월 | ECO PHOTO ARCHIVE,1.0,,일상 복원 재해 | ECO PHOTO ARCHIVE,1.0,,,,,전은선 :: 이브의 정원 | ECO PHOTO ARCHIVE,4.0,,아이 | ECO PHOTO ARCHIVE,1.0
18000 | ECO PHOTO ARCHIVE,1.0,,임팩트 | ECO PHOTO ARCHIVE,1.0,,,,,조우혜 :: Drought | ECO PHOTO ARCHIVE,4.0,,엑셀 업로드 | ECO PHOTO ARCHIVE,1.0
2019 | ECO PHOTO ARCHIVE,1.0,,임흥빈 | ECO PHOTO ARCHIVE,1.0,,,,,조우혜 | ECO PHOTO ARCHIVE,4.0,,오창길 | ECO PHOTO ARCHIVE,1.0
2019년 고성산불 | ECO PHOTO ARCHIVE,1.0,,입추 | ECO PHOTO ARCHIVE,1.0,,,,,조현택 :: 여름 | ECO PHOTO ARCHIVE,4.0,,용담 위로 나는 새 > 작가 | ECO PHOTO ARCHIVE,1.0
"2021년 여름, 전남 화순군 도암면 > 갤러리 | ECO PHOTO ARCHIVE",1.0,,장마 | ECO PHOTO ARCHIVE,1.0,,,,,최광호 :: 수원우시장 | ECO PHOTO ARCHIVE,4.0,,울릉도 나리분지 | ECO PHOTO ARCHIVE,1.0
"2021년 여름, 전남 화순군 화순읍4 > 갤러리 | ECO PHOTO ARCHIVE",1.0,,장애연 | ECO PHOTO ARCHIVE,1.0,,,,,한희준 :: 포스코의 역군들 | ECO PHOTO ARCHIVE,4.0,,월포국민학교 | ECO PHOTO ARCHIVE,1.0
20대 | ECO PHOTO ARCHIVE,1.0,,저어새 | ECO PHOTO ARCHIVE,1.0,,,,,황규태 > 작가 | ECO PHOTO ARCHIVE,4.0,,이기명 | ECO PHOTO ARCHIVE,1.0
73000 | ECO PHOTO ARCHIVE,1.0,,저탄소 | ECO PHOTO ARCHIVE,1.0,,,,,(재)숲과나눔 ‘1인 가구’ 사진 포트폴리오 공모 ISSUE37_EPA News > 웹진 | ECO PHOTO ARCHIVE,3.0,,이동문 :: 강은 우리에게 | ECO PHOTO ARCHIVE,1.0
Baie de Somme | ECO PHOTO ARCHIVE,1.0,,전기요금 | ECO PHOTO ARCHIVE,1.0,,,,,1인가구 | ECO PHOTO ARCHIVE,3.0,,이동문 :: 삼락의 깃발 | ECO PHOTO ARCHIVE,1.0
Blue Jungle | ECO PHOTO ARCHIVE,1.0,,제로웨이스트 | ECO PHOTO ARCHIVE,1.0,,,,,ISSUE03 _EPA NEWS <안홍범 작가의 풍경 사진> > 웹진 | ECO PHOTO ARCHIVE,3.0,,이성수 :: 생태 | ECO PHOTO ARCHIVE,1.0
"COVID-19 불안, 이동, 불확실성_01 > 에코포토 | ECO PHOTO ARCHIVE",1.0,,제주 문섬 | ECO PHOTO ARCHIVE,1.0,,,,,"ISSUE14_EPA News_이상일 개인전, 메멘토 모리 > 웹진 | ECO PHOTO ARCHIVE",3.0,,이성수 :: 수질 | ECO PHOTO ARCHIVE,1.0
Candelabra of Andes | ECO PHOTO ARCHIVE,1.0,,조류 | ECO PHOTO ARCHIVE,1.0,,,,,ISSUE20_EPA NEWS_자연사 박물관에는 무엇을 전시할까? > 웹진 | ECO PHOTO ARCHIVE,3.0,,이성수 :: 후쿠시마 핵오염수 | ECO PHOTO ARCHIVE,1.0
Chaotic Harmony | ECO PHOTO ARCHIVE,1.0,,조우혜 | ECO PHOTO ARCHIVE,1.0,,,,,ISSUE22_EPA Artist <임채욱> > 웹진 | ECO PHOTO ARCHIVE,3.0,,이성숙 | ECO PHOTO ARCHIVE,1.0
Clouds of Equator | ECO PHOTO ARCHIVE,1.0,,조의 | ECO PHOTO ARCHIVE,1.0,,,,,ISSUE40_EPA Highlight_강제윤 > 웹진 | ECO PHOTO ARCHIVE,3.0,,이슈페이퍼 | ECO PHOTO ARCHIVE,1.0
Columbia Icefield | ECO PHOTO ARCHIVE,1.0,,진경산수 > 작가 | ECO PHOTO ARCHIVE,1.0,,,,,"ISSUE44_EPA News_ 밥상 잘 차려주는 언니, 마침내 큰 ‘상’ 받다. > 웹진 | ECO PHOTO ARCHIVE",3.0,,이재복 | ECO PHOTO ARCHIVE,1.0
Corals at Maratua | ECO PHOTO ARCHIVE,1.0,,쪽방 | ECO PHOTO ARCHIVE,1.0,,,,,KIM | ECO PHOTO ARCHIVE,3.0,,인도네시아주석광산 | ECO PHOTO ARCHIVE,1.0
DMZ용양습지강원 | ECO PHOTO ARCHIVE,1.0,,쪽방촌 | ECO PHOTO ARCHIVE,1.0,,,,,"《미술관-탄소-프로젝트》개최, ISSUE17_EPA NEWS > 웹진 | ECO PHOTO ARCHIVE",3.0,,자연농 | ECO PHOTO ARCHIVE,1.0
DMZ용양습지강원 철원02 | ECO PHOTO ARCHIVE,1.0,,천마산 | ECO PHOTO ARCHIVE,1.0,,,,,강 | ECO PHOTO ARCHIVE,3.0,,작가 6 페이지 | ECO PHOTO ARCHIVE,1.0
DMZ항공 | ECO PHOTO ARCHIVE,1.0,,초록 | ECO PHOTO ARCHIVE,1.0,,,,,강재훈 | ECO PHOTO ARCHIVE,3.0,,점박이물밤 | ECO PHOTO ARCHIVE,1.0
DMZ항공 월경한계선 | ECO PHOTO ARCHIVE,1.0,,초소 | ECO PHOTO ARCHIVE,1.0,,,,,강홍구 :: 그린벨트에 관한 메모 | ECO PHOTO ARCHIVE,3.0,,조각상 | ECO PHOTO ARCHIVE,1.0
"Episode, covid-19 > 작가 | ECO PHOTO ARCHIVE",1.0,,최광호 :: 수원우시장 | ECO PHOTO ARCHIVE,1.0,,,,,갤러리 10 페이지 | ECO PHOTO ARCHIVE,3.0,,조대연 | ECO PHOTO ARCHIVE,1.0
Female divers in | ECO PHOTO ARCHIVE,1.0,,캐터필러 | ECO PHOTO ARCHIVE,1.0,,,,,기후 위기 시대 미술관 친환경 실천! ISSUE18_EPA NEWS > 웹진 | ECO PHOTO ARCHIVE,3.0,,지성배 | ECO PHOTO ARCHIVE,1.0
ISSUE08_EPA 한국 환경 이슈 <또 다시 새만금 > > 웹진 | ECO PHOTO ARCHIVE,1.0,,코로나19 | ECO PHOTO ARCHIVE,1.0,,,,,김원 > 작가 | ECO PHOTO ARCHIVE,3.0,,최연하 | ECO PHOTO ARCHIVE,1.0
Icelandic Summer | ECO PHOTO ARCHIVE,1.0,,탄천 | ECO PHOTO ARCHIVE,1.0,,,,,김지연 > 작가 | ECO PHOTO ARCHIVE,3.0,,최영진 | ECO PHOTO ARCHIVE,1.0
Islas Ballestas | ECO PHOTO ARCHIVE,1.0,,태백산 | ECO PHOTO ARCHIVE,1.0,,,,,노순택 :: 고장난 섬 | ECO PHOTO ARCHIVE,3.0,,최영진 철새 | ECO PHOTO ARCHIVE,1.0
Jelly Fish Lake | ECO PHOTO ARCHIVE,1.0,,태백의 산 > 작가 | ECO PHOTO ARCHIVE,1.0,,,,,대한민국 대표 섬길 100개를 하나로 잇다! ISSUE40_EPA Highlight_강제윤의 백섬백길 > 웹진 | ECO PHOTO ARCHIVE,3.0,,최형락 | ECO PHOTO ARCHIVE,1.0
Laggona Kehe Daing | ECO PHOTO ARCHIVE,1.0,,태백의 숲 > 작가 | ECO PHOTO ARCHIVE,1.0,,,,,동물과 인간의 눈맞춤 ISSUE28_EPA NEWS_플로라 보르시 - ANIMEYED > 웹진 | ECO PHOTO ARCHIVE,3.0,,폐기물 | ECO PHOTO ARCHIVE,1.0
Lake Louise | ECO PHOTO ARCHIVE,1.0,,태안 기름 | ECO PHOTO ARCHIVE,1.0,,,,,동물사진가 박찬원의 울림과 떨림 ISSUE16_EPA Artist > 웹진 | ECO PHOTO ARCHIVE,3.0,,플라스틱 | ECO PHOTO ARCHIVE,1.0
MBRiver 018 | ECO PHOTO ARCHIVE,1.0,,태안기름유출 | ECO PHOTO ARCHIVE,1.0,,,,,매향리(梅香里)에는 매화꽃이 있다? 없다! ISSUE13_EPA 한국 환경 이슈 > 웹진 | ECO PHOTO ARCHIVE,3.0,,플라스틱Plastic > 작가 | ECO PHOTO ARCHIVE,1.0
MBRiver 019 | ECO PHOTO ARCHIVE,1.0,,태안기름유출사고 | ECO PHOTO ARCHIVE,1.0,,,,,박기호 > 작가 | ECO PHOTO ARCHIVE,3.0,,한국의 갯벌 > 작가 | ECO PHOTO ARCHIVE,1.0
Mammal in Yellowstone | ECO PHOTO ARCHIVE,1.0,,토양오염 | ECO PHOTO ARCHIVE,1.0,,,,,박나윤 > 작가 | ECO PHOTO ARCHIVE,3.0,,한상무 | ECO PHOTO ARCHIVE,1.0
Maratua | ECO PHOTO ARCHIVE,1.0,,파주 | ECO PHOTO ARCHIVE,1.0,,,,,박형근 > 작가 | ECO PHOTO ARCHIVE,3.0,,환경교육센터 | ECO PHOTO ARCHIVE,1.0
PLANET02 | ECO PHOTO ARCHIVE,1.0,,포경 | ECO PHOTO ARCHIVE,1.0,,,,,박홍순 > 작가 | ECO PHOTO ARCHIVE,3.0,,황해 | ECO PHOTO ARCHIVE,1.0
PW08112 | ECO PHOTO ARCHIVE,1.0,,포경산업 | ECO PHOTO ARCHIVE,1.0,,,,,방명주 > 작가 | ECO PHOTO ARCHIVE,3.0,,황해미술 | ECO PHOTO ARCHIVE,1.0
Pyramiden | ECO PHOTO ARCHIVE,1.0,,폭우 | ECO PHOTO ARCHIVE,1.0,,,,,백령도 점박이물범 지킴이 박정운 ISSUE15 EPA Inter-View 박정운 > 웹진 | ECO PHOTO ARCHIVE,3.0,,FOTÓGRAFO | ARCHIVO DE FOTOS ECOLÓGICAS,0.0
Race Horse21 | ECO PHOTO ARCHIVE,1.0,,홍수 강물 | ECO PHOTO ARCHIVE,1.0,,,,,봉사 | ECO PHOTO ARCHIVE,3.0,,FOTÓGRAFO | ARQUIVO DE FOTOS ECOLÓGICAS,0.0
Race Horse43 | ECO PHOTO ARCHIVE,1.0,,홍수강물 | ECO PHOTO ARCHIVE,1.0,,,,,송광사의 승경(勝景)을 담다. ISSUE33_EPA Artist 안홍범 > 웹진 | ECO PHOTO ARCHIVE,3.0,,PHOTOGRAPHE | ARCHIVES PHOTO ÉCOLOGIQUES,0.0
Sea Tuttle at | ECO PHOTO ARCHIVE,1.0,,흙탕물 | ECO PHOTO ARCHIVE,1.0,,,,,"스티로폼 위에 핀 꽃 ISSUE10_EPA Artist, 김정대 > 웹진 | ECO PHOTO ARCHIVE",3.0,,SỐ 01_ Nghiên cứu của EPA_Những người trẻ ghi lại sự cố bệnh Onsan kèm hình ảnh > Tạp chí điện tử | KHO ẢNH ECO,0.0
Star | ECO PHOTO ARCHIVE,1.0,,ECO-FOTOARCHIV,0.0,,,,,신웅재 > 작가 | ECO PHOTO ARCHIVE,3.0,,Tree | ECO PHOTO ARCHIVE,0.0
Stringless Jellyfish | ECO PHOTO ARCHIVE,1.0,,FOTOGRAF | ECO-FOTOARCHIV,0.0,,,,,에코포토 1 페이지 | ECO PHOTO ARCHIVE,3.0,,"ВИПУСК01_ Дослідження EPA_Молоді люди, які зафіксували випадок хвороби Онсан за допомогою фотографій > Вебжурнал | ЕКОФОТОАРХІВ",0.0
UN | ECO PHOTO ARCHIVE,1.0,,Gotthold Kietz | ECO-FOTOARCHIV,0.0,,,,,엑셀 업로드 | ECO PHOTO ARCHIVE,3.0,,Скульптура | ЭКО-ФОТОАРХИВ,0.0
WATER | ECO PHOTO ARCHIVE,1.0,,ISSUE07_EPA Artist <Jinkyung Lee> > Webzine | ECO PHOTO ARCHIVE,0.0,,,,,여름 | ECO PHOTO ARCHIVE,3.0,,ЭКО-ФОТОАРХИВ,0.0
YUHWAN KANG | ECO PHOTO ARCHIVE,1.0,,Notice Page 1 | ECO PHOTO ARCHIVE,0.0,,,,,"온산을 기억하나요? ISSUE14_EPA News, 이상일의 메멘토모리 > 웹진 | ECO PHOTO ARCHIVE",3.0,,パクブゴン:: Tracking | ECO PHOTO ARCHIVE,0.0
Yellowstone National Park | ECO PHOTO ARCHIVE,1.0,,Webzine Page 1 | ECO PHOTO ARCHIVE,0.0,,,,,월성 | ECO PHOTO ARCHIVE,3.0,,パクブゴン：：アーバンライト| ECO PHOTO ARCHIVE,0.0
alpaca | ECO PHOTO ARCHIVE,1.0,,ÖKO-FOTO | ECO-FOTOARCHIV,0.0,,,,,윤창수 > 작가 | ECO PHOTO ARCHIVE,3.0,,全永碩 :: 仙境 | ECO 攝影檔案館,0.0
blue jungle | ECO PHOTO ARCHIVE,1.0,,写真家|エコフォトアーカイブ,0.0,,,,,이성민 | ECO PHOTO ARCHIVE,3.0,,摄影师 | 生态照片​​档案馆,0.0
dlrlaud | ECO PHOTO ARCHIVE,1.0,,,,,,,,이성수 :: 국제연대 | ECO PHOTO ARCHIVE,3.0,,攝影師 | 生態照片檔案,0.0
esg | ECO PHOTO ARCHIVE,1.0,,,,,,,,"이성수 :: 동물보호,대기오염 | ECO PHOTO ARCHIVE",3.0,,李建英 :: PL.A.NET | ECO 照片檔案,0.0
garden of | ECO PHOTO ARCHIVE,1.0,,,,,,,,"이성수 :: 백두산,시화호,광우병 | ECO PHOTO ARCHIVE",3.0,,樸鍾佑 :: 非軍事區 | ECO 攝影檔案,0.0
h05 | ECO PHOTO ARCHIVE,1.0,,,,,,,,이한구 > 작가 | ECO PHOTO ARCHIVE,3.0,,生态照片 | 生态照片​​档案,0.0
planet | ECO PHOTO ARCHIVE,1.0,,,,,,,,임채욱 :: 월천리솔섬 | ECO PHOTO ARCHIVE,3.0,,第一期_美國環保署研究_用照片記錄溫泉病災難的年輕人 > 網路雜誌 | 生態攝影檔案館,0.0
project | ECO PHOTO ARCHIVE,1.0,,,,,,,,장재연 | ECO PHOTO ARCHIVE,3.0,,사진작가 | 에코 포토 아카이브,0.0
projectr | ECO PHOTO ARCHIVE,1.0,,,,,,,,정주하 > 작가 | ECO PHOTO ARCHIVE,3.0,,친환경 사진 | 친환경 사진 아카이브,0.0
ql | ECO PHOTO ARCHIVE,1.0,,,,,,,,조선희 > 작가 | ECO PHOTO ARCHIVE,3.0,,친환경 사진 아카이브,0.0
q비 | ECO PHOTO ARCHIVE,1.0,,,,,,,,청년 사진 작가 이희망의 희망사항 ISSUE 06_EPA NEWS > 웹진 | ECO PHOTO ARCHIVE,3.0,,,
rain | ECO PHOTO ARCHIVE,1.0,,,,,,,,최영진 > 작가 | ECO PHOTO ARCHIVE,3.0,,,
sea | ECO PHOTO ARCHIVE,1.0,,,,,,,,한성필 :: 북극과 남극 | ECO PHOTO ARCHIVE,3.0,,,
theme photo gallery 1 페이지 | 그누보드5,1.0,,,,,,,,한성필 :: 제주와 연천 | ECO PHOTO ARCHIVE,3.0,,,
tks | ECO PHOTO ARCHIVE,1.0,,,,,,,,환경운동 | ECO PHOTO ARCHIVE,3.0,,,
tree | ECO PHOTO ARCHIVE,1.0,,,,,,,,0.1cm 극지로 떠난 예술가들_박홍순 작가 참여 ISSUE36_EPA News > 웹진 | ECO PHOTO ARCHIVE,2.0,,,
ㅅㄷㄴㅅ > 웹진 | ECO PHOTO ARCHIVE,1.0,,,,,,,,"2011년 3월 11일 14시 46분 ISSUE08_EPA News, 김지연의 기록 > 웹진 | ECO PHOTO ARCHIVE",2.0,,,
ㅅㅜㅍ | ECO PHOTO ARCHIVE,1.0,,,,,,,,2021년 올해의 사진에 선정 된 임안나 작가의 사진 ISSUE 05_EPA NEWS > 웹진 | ECO PHOTO ARCHIVE,2.0,,,
ㅇ | ECO PHOTO ARCHIVE,1.0,,,,,,,,"2022 담양아트위크 “유유자적(悠悠自適)” 전시에 참여한 EPA작가들, ISSUE23_EPA News > 웹진 | ECO PHOTO ARCHIVE",2.0,,,
ㅇㅇ | ECO PHOTO ARCHIVE,1.0,,,,,,,,EPA_ZINE_17_EPA NEWS _ 국립현대미술관 다원예술 2022 《미술관-탄소-프로젝트》개최 > 웹진 | ECO PHOTO ARCHIVE,2.0,,,
가거도 등대 앞 | ECO PHOTO ARCHIVE,1.0,,,,,,,,"EPA_ZINE_19_EPA NEWS_한성필 개인전, <표면의 이면 Inverted Surfaces> > 웹진 | ECO PHOTO ARCHIVE",2.0,,,
가거도 마을과 개 | ECO PHOTO ARCHIVE,1.0,,,,,,,,"ISSUE 44_EPA News_ 밥상 잘 차려주는 언니, 마침내 큰 ‘상’ 받다. > 웹진 | ECO PHOTO ARCHIVE",2.0,,,
가거도 바다색 | ECO PHOTO ARCHIVE,1.0,,,,,,,,"ISSUE 51, EPA Focus, 고상우_ 호랑이가 미술관으로 온 까닭은? > 웹진 | ECO PHOTO ARCHIVE",2.0,,,
가로 | ECO PHOTO ARCHIVE,1.0,,,,,,,,ISSUE 51_EPA Focus _ 호랑이가 미술관으로 온 까닭은? > 웹진 | ECO PHOTO ARCHIVE,2.0,,,
가로수충북 청주03 | ECO PHOTO ARCHIVE,1.0,,,,,,,,"ISSUE12_EPA Monument《그리고,,, 아무것도 하지 않았다》 > 웹진 | ECO PHOTO ARCHIVE",2.0,,,
가족 | ECO PHOTO ARCHIVE,1.0,,,,,,,,ISSUE15 EPA Inter-View _ <백령도 점박이물범 지킴이 박정운> > 웹진 | ECO PHOTO ARCHIVE,2.0,,,
가지 | ECO PHOTO ARCHIVE,1.0,,,,,,,,ISSUE15 EPA Inter-View_백령도 점박이물범 지킴이 박정운 > 웹진 | ECO PHOTO ARCHIVE,2.0,,,
갈라파고스제도 > 작가 | ECO PHOTO ARCHIVE,1.0,,,,,,,,ISSUE27_EPA Artist_ 정봉채 > 웹진 | ECO PHOTO ARCHIVE,2.0,,,
강원 평창01 | ECO PHOTO ARCHIVE,1.0,,,,,,,,ISSUE38_EPA Artist_한희준 > 웹진 | ECO PHOTO ARCHIVE,2.0,,,
강재훈 :: | 그누보드5,1.0,,,,,,,,forest | ECO PHOTO ARCHIVE,2.0,,,
강재훈 :: 송전탑 | 그누보드5,1.0,,,,,,,,‘개친절’한 나윤씨의 ‘개아름다운’ 사진들 ISSUE25_EPA Artist 박나윤 > 웹진 | ECO PHOTO ARCHIVE,2.0,,,
강재훈 :: 인간의 땅 | 그누보드5,1.0,,,,,,,,강제윤 > 작가 | ECO PHOTO ARCHIVE,2.0,,,
강재훈 | ECO PHOTO ARCHIVE,1.0,,,,,,,,강진주 > 작가 | ECO PHOTO ARCHIVE,2.0,,,
강홍구 0225 | ECO PHOTO ARCHIVE,1.0,,,,,,,,갤러리 11 페이지 | ECO PHOTO ARCHIVE,2.0,,,
강홍구 | ECO PHOTO ARCHIVE,1.0,,,,,,,,갤러리 12 페이지 | ECO PHOTO ARCHIVE,2.0,,,
강화 석모도 | ECO PHOTO ARCHIVE,1.0,,,,,,,,갤러리 13 페이지 | ECO PHOTO ARCHIVE,2.0,,,
개오동나무 | ECO PHOTO ARCHIVE,1.0,,,,,,,,갤러리 3 페이지 | ECO PHOTO ARCHIVE,2.0,,,
갯벌의 어민 | ECO PHOTO ARCHIVE,1.0,,,,,,,,갯벌이야기 > 작가 | ECO PHOTO ARCHIVE,2.0,,,
거기까지만 | ECO PHOTO ARCHIVE,1.0,,,,,,,,계절 | ECO PHOTO ARCHIVE,2.0,,,
거기까지만 친구 > 작가 | ECO PHOTO ARCHIVE,1.0,,,,,,,,고시텔 > 작가 | ECO PHOTO ARCHIVE,2.0,,,
거리의 기술 최영진 | ECO PHOTO ARCHIVE,1.0,,,,,,,,고정남 > 작가 | ECO PHOTO ARCHIVE,2.0,,,
거천2009013125U0270 | ECO PHOTO ARCHIVE,1.0,,,,,,,,국제 | ECO PHOTO ARCHIVE,2.0,,,
결빙 | ECO PHOTO ARCHIVE,1.0,,,,,,,,그누보드5,2.0,,,
경동시장 | ECO PHOTO ARCHIVE,1.0,,,,,,,,글씨 테스트 > 웹진 | ECO PHOTO ARCHIVE,2.0,,,
경인미술관 | ECO PHOTO ARCHIVE,1.0,,,,,,,,김언지 :: 숨 결 | ECO PHOTO ARCHIVE,2.0,,,
고구마 | ECO PHOTO ARCHIVE,1.0,,,,,,,,"나 홀로 집에 - 한국편, 온빛사진상 타다! EPA_ZINE_46_EPA Artist_심규동 > 웹진 | ECO PHOTO ARCHIVE",2.0,,,
고기설기 | ECO PHOTO ARCHIVE,1.0,,,,,,,,노순택 :: 코로 나오는 풍경 | ECO PHOTO ARCHIVE,2.0,,,
고래불 | ECO PHOTO ARCHIVE,1.0,,,,,,,,농섬 | ECO PHOTO ARCHIVE,2.0,,,
고운점박이부전나비 | ECO PHOTO ARCHIVE,1.0,,,,,,,,단체 | ECO PHOTO ARCHIVE,2.0,,,
고천암07 | ECO PHOTO ARCHIVE,1.0,,,,,,,,대지의 시간 (Time of the Earth) ISSUE11_EPA Re-View > 웹진 | ECO PHOTO ARCHIVE,2.0,,,
공유냉장고 | ECO PHOTO ARCHIVE,1.0,,,,,,,,동강 > 작가 | ECO PHOTO ARCHIVE,2.0,,,
공해 | ECO PHOTO ARCHIVE,1.0,,,,,,,,"두고 온 시간 ISSUE03 _EPA NEWS, 안홍범 사진전 개최 > 웹진 | ECO PHOTO ARCHIVE",2.0,,,
곶자돨도립공원 | ECO PHOTO ARCHIVE,1.0,,,,,,,,매향리 > 작가 | ECO PHOTO ARCHIVE,2.0,,,
곶자왈 | ECO PHOTO ARCHIVE,1.0,,,,,,,,문선희 > 작가 | ECO PHOTO ARCHIVE,2.0,,,
굴업도27 | ECO PHOTO ARCHIVE,1.0,,,,,,,,미국 | ECO PHOTO ARCHIVE,2.0,,,
금낭화 서울 광화문03 | ECO PHOTO ARCHIVE,1.0,,,,,,,,박나윤 | ECO PHOTO ARCHIVE,2.0,,,
금천 | ECO PHOTO ARCHIVE,1.0,,,,,,,,박정근 | ECO PHOTO ARCHIVE,2.0,,,
기름 | ECO PHOTO ARCHIVE,1.0,,,,,,,,박지원 > 작가 | ECO PHOTO ARCHIVE,2.0,,,
기름유출사고 20 | ECO PHOTO ARCHIVE,1.0,,,,,,,,박찬원 :: 돼지 | ECO PHOTO ARCHIVE,2.0,,,
기후위기 | ECO PHOTO ARCHIVE,1.0,,,,,,,,박찬원 :: 루비아나 | ECO PHOTO ARCHIVE,2.0,,,
김상기 | ECO PHOTO ARCHIVE,1.0,,,,,,,,박찬원 :: 소우주 | ECO PHOTO ARCHIVE,2.0,,,
김유순 | ECO PHOTO ARCHIVE,1.0,,,,,,,,박찬원 > 작가 | ECO PHOTO ARCHIVE,2.0,,,
김제 거천 | ECO PHOTO ARCHIVE,1.0,,,,,,,,박홍순 :: 한강 | ECO PHOTO ARCHIVE,2.0,,,
김제 거천20090131 | ECO PHOTO ARCHIVE,1.0,,,,,,,,박홍순 | ECO PHOTO ARCHIVE,2.0,,,
김희수 | ECO PHOTO ARCHIVE,1.0,,,,,,,,방명주 | ECO PHOTO ARCHIVE,2.0,,,
김희중 | ECO PHOTO ARCHIVE,1.0,,,,,,,,사진 | ECO PHOTO ARCHIVE,2.0,,,
깍두기 | ECO PHOTO ARCHIVE,1.0,,,,,,,,"사진 속으로 숨은 서울, 끝내 사진이 된 서울 , EPA_ZINE_45_EPA News_ > 웹진 | ECO PHOTO ARCHIVE",2.0,,,
깍뚜기 | ECO PHOTO ARCHIVE,1.0,,,,,,,,"사진 속으로 숨은 서울, 끝내 사진이 된 서울 EPA_ZINE_45_EPA News > 웹진 | ECO PHOTO ARCHIVE",2.0,,,
껍데기 | ECO PHOTO ARCHIVE,1.0,,,,,,,,"사진, 지구를 대신하여 인류에게 경고하다 ISSUE04_ EPA NEWS > 웹진 | ECO PHOTO ARCHIVE",2.0,,,
꽃 | ECO PHOTO ARCHIVE,1.0,,,,,,,,새만금은 어디인가요? ISSUE09_EPA 한국 환경 이슈 > 웹진 | ECO PHOTO ARCHIVE,2.0,,,
나무 도시 | ECO PHOTO ARCHIVE,1.0,,,,,,,,세상의 모든 알바트로스에게 ISSUE34_EPA Works > 웹진 | ECO PHOTO ARCHIVE,2.0,,,
나무심기 | ECO PHOTO ARCHIVE,1.0,,,,,,,,송전탑 | ECO PHOTO ARCHIVE,2.0,,,
나방 서울 아차산01 | ECO PHOTO ARCHIVE,1.0,,,,,,,,신은경 > 작가 | ECO PHOTO ARCHIVE,2.0,,,
나정희 | ECO PHOTO ARCHIVE,1.0,,,,,,,,신희수 > 작가 | ECO PHOTO ARCHIVE,2.0,,,
낙동강 탄광천 | ECO PHOTO ARCHIVE,1.0,,,,,,,,심규동 > 작가 | ECO PHOTO ARCHIVE,2.0,,,
낙동강 탄광청 | ECO PHOTO ARCHIVE,1.0,,,,,,,,엑셀 업로드 | 그누보드5,2.0,,,
날씨 | ECO PHOTO ARCHIVE,1.0,,,,,,,,오석근 > 작가 | ECO PHOTO ARCHIVE,2.0,,,
낫 | ECO PHOTO ARCHIVE,1.0,,,,,,,,윤창수 | ECO PHOTO ARCHIVE,2.0,,,
논 8 | ECO PHOTO ARCHIVE,1.0,,,,,,,,이동근 > 작가 | ECO PHOTO ARCHIVE,2.0,,,
농작물 | ECO PHOTO ARCHIVE,1.0,,,,,,,,이동문 > 작가 | ECO PHOTO ARCHIVE,2.0,,,
늪 | ECO PHOTO ARCHIVE,1.0,,,,,,,,이성민 > 작가 | ECO PHOTO ARCHIVE,2.0,,,
다문화 | ECO PHOTO ARCHIVE,1.0,,,,,,,,이성수 :: | ECO PHOTO ARCHIVE,2.0,,,
대문 앞 | ECO PHOTO ARCHIVE,1.0,,,,,,,,"이성수 :: 바다해양,기후위기,태안기름유출 | ECO PHOTO ARCHIVE",2.0,,,
덕유산 | ECO PHOTO ARCHIVE,1.0,,,,,,,,이성수 :: 반핵 | ECO PHOTO ARCHIVE,2.0,,,
도깨비 터 | ECO PHOTO ARCHIVE,1.0,,,,,,,,이성수 :: 반핵2 | ECO PHOTO ARCHIVE,2.0,,,
도시숲원흥이방죽 | ECO PHOTO ARCHIVE,1.0,,,,,,,,이성수 :: 새만금2 | ECO PHOTO ARCHIVE,2.0,,,
도시숲원흥이방죽충북 | ECO PHOTO ARCHIVE,1.0,,,,,,,,임영기 > 작가 | ECO PHOTO ARCHIVE,2.0,,,
도시숲원흥이방죽충북 청주01 | ECO PHOTO ARCHIVE,1.0,,,,,,,,자연사 박물관에는 무엇을 전시할까? ISSUE20_EPA NEWS_<Museum Project>를 선보인 임준영 작가 > 웹진 | ECO PHOTO ARCHIVE,2.0,,,
도시습지 | ECO PHOTO ARCHIVE,1.0,,,,,,,,"자연을 먹고 마시는, 자연 예술가, 김순임 ISSUE21_EPA Artist_ 김순임 > 웹진 | ECO PHOTO ARCHIVE",2.0,,,
도시와 인간 | ECO PHOTO ARCHIVE,1.0,,,,,,,,"자연의 모습을 기억하기, 알기, 보여주기 ISSUE32_EPA Works > 웹진 | ECO PHOTO ARCHIVE",2.0,,,
도시의 나무 | ECO PHOTO ARCHIVE,1.0,,,,,,,,장소영 > 작가 | ECO PHOTO ARCHIVE,2.0,,,
도시의 나무 모습 | ECO PHOTO ARCHIVE,1.0,,,,,,,,조현택 > 작가 | ECO PHOTO ARCHIVE,2.0,,,
도토리 | ECO PHOTO ARCHIVE,1.0,,,,,,,,클라우스 슈텍의 환경포스터 ISSUE12_EPA Monument > 웹진 | ECO PHOTO ARCHIVE,2.0,,,
동강댐 | ECO PHOTO ARCHIVE,1.0,,,,,,,,플라스틱Plastic > 작가 | ECO PHOTO ARCHIVE,2.0,,,
동동마을 | ECO PHOTO ARCHIVE,1.0,,,,,,,,하지권 > 작가 | ECO PHOTO ARCHIVE,2.0,,,
동물권 | ECO PHOTO ARCHIVE,1.0,,,,,,,,한금선 > 작가 | ECO PHOTO ARCHIVE,2.0,,,
동일본 | ECO PHOTO ARCHIVE,1.0,,,,,,,,한성필 | ECO PHOTO ARCHIVE,2.0,,,
동해 | ECO PHOTO ARCHIVE,1.0,,,,,,,,한희준 | ECO PHOTO ARCHIVE,2.0,,,
동해안 간이해수욕장 | ECO PHOTO ARCHIVE,1.0,,,,,,,,호주 | ECO PHOTO ARCHIVE,2.0,,,
두꺼비 | ECO PHOTO ARCHIVE,1.0,,,,,,,,"환경의 날 기념, 숲과나눔의 에코포토아카이브 열람 ISSUE35_EPA Works > 웹진 | ECO PHOTO ARCHIVE",2.0,,,
드리마일 | ECO PHOTO ARCHIVE,1.0,,,,,,,,환경정화 | ECO PHOTO ARCHIVE,2.0,,,
들냥이 | ECO PHOTO ARCHIVE,1.0,,,,,,,,8월 | ECO PHOTO ARCHIVE,1.0,,,
등잔불 | ECO PHOTO ARCHIVE,1.0,,,,,,,,Ahn Hongbeom | ECO PHOTO ARCHIVE,1.0,,,
러버 | ECO PHOTO ARCHIVE,1.0,,,,,,,,"EPA_ZINE_18_EPA NEWS ""기후 위기 시대 미술관 친환경 실천!"" > 웹진 | ECO PHOTO ARCHIVE",1.0,,,
러브 | ECO PHOTO ARCHIVE,1.0,,,,,,,,EPA_ZINE_20_EPA NEWS_<Museum Project>를 선보인 임준영 작가 > 웹진 | ECO PHOTO ARCHIVE,1.0,,,
러브커낼 | ECO PHOTO ARCHIVE,1.0,,,,,,,,EPA_ZINE_21_EPA Artist_ <김순임> > 웹진 | ECO PHOTO ARCHIVE,1.0,,,
러브커널 | ECO PHOTO ARCHIVE,1.0,,,,,,,,ISSUE 05_EPA NEWS <2021년 올해의 사진에 선정 된 임안나 작가의 사진> > 웹진 | ECO PHOTO ARCHIVE,1.0,,,
리일천 > THEME PHOTO | 그누보드5,1.0,,,,,,,,ISSUE 06_EPA NEWS <청년 사진 작가 이희망> > 웹진 | ECO PHOTO ARCHIVE,1.0,,,
리일천 | ECO PHOTO ARCHIVE,1.0,,,,,,,,"ISSUE02_EPA WORKS <오래된 예언, 황규태의 묵시록적인 사진> > 웹진 | ECO PHOTO ARCHIVE",1.0,,,
리프로덕션 | ECO PHOTO ARCHIVE,1.0,,,,,,,,"ISSUE04_ EPA NEWS <사진, 지구를 대신하여 인류에게 경고하다> > 웹진 | ECO PHOTO ARCHIVE",1.0,,,
리프로덕션아기 | ECO PHOTO ARCHIVE,1.0,,,,,,,,ISSUE08_EPA Docu <2011년 3월 11일 14시 46분 > > 웹진 | ECO PHOTO ARCHIVE,1.0,,,
마스크 | ECO PHOTO ARCHIVE,1.0,,,,,,,,ISSUE09_EPA 한국 환경 이슈 <또 다시 새만금 > > 웹진 | ECO PHOTO ARCHIVE,1.0,,,
마스크 쓰고 수업하는 모습 > 에코포토 | ECO PHOTO ARCHIVE,1.0,,,,,,,,ISSUE11_EPA Re-View《대지의 시간 Time of the Earth》 > 웹진 | ECO PHOTO ARCHIVE,1.0,,,
막 태어난 | ECO PHOTO ARCHIVE,1.0,,,,,,,,ISSUE13_EPA 한국 환경 이슈 <매향리(梅香里)에는 매화꽃이 있다? 없다!> > 웹진 | ECO PHOTO ARCHIVE,1.0,,,
만재도 농어 | ECO PHOTO ARCHIVE,1.0,,,,,,,,ISSUE15 EPA Inter-View 박정운백령도 점박이물범 지킴이 박정운 > 웹진 | ECO PHOTO ARCHIVE,1.0,,,
만재도 생선 | ECO PHOTO ARCHIVE,1.0,,,,,,,,ISSUE16_EPA Artist_동물사진가 박찬원 > 웹진 | ECO PHOTO ARCHIVE,1.0,,,
만재도 해녀 | ECO PHOTO ARCHIVE,1.0,,,,,,,,ISSUE23_EPA News <2022 담양아트위크 “유유자적(悠悠自適)” 전시에 참여한 EPA작가들> > 웹진 | ECO PHOTO ARCHIVE,1.0,,,
만주 | ECO PHOTO ARCHIVE,1.0,,,,,,,,ISSUE26_EPA NEWS_잃어버린 것을 찾아서 > 웹진 | ECO PHOTO ARCHIVE,1.0,,,
매발톱 | ECO PHOTO ARCHIVE,1.0,,,,,,,,ISSUE33_EPA Artist 안홍범 > 웹진 | ECO PHOTO ARCHIVE,1.0,,,
맷방석 | ECO PHOTO ARCHIVE,1.0,,,,,,,,The Land > 작가 | ECO PHOTO ARCHIVE,1.0,,,
맹아 | ECO PHOTO ARCHIVE,1.0,,,,,,,,The Land(대지) > 작가 | ECO PHOTO ARCHIVE,1.0,,,
메멘토모리 | ECO PHOTO ARCHIVE,1.0,,,,,,,,"Сестра, которая хорошо приготовит стол, в конце концов получает большую «награду». ISSUE44_EPA Новости > Интернет-журнал | ЭКО ФОТОАРХИВ",1.0,,,
메멘토모리 시리즈 137 | ECO PHOTO ARCHIVE,1.0,,,,,,,,"木木木와 더불어 온전히 빛나는 삶의 순간들, ISSUE 47_EPA News_조은의 작품들 > 웹진 | ECO PHOTO ARCHIVE",1.0,,,
명태덕장 | ECO PHOTO ARCHIVE,1.0,,,,,,,,가을 | ECO PHOTO ARCHIVE,1.0,,,
모란 | ECO PHOTO ARCHIVE,1.0,,,,,,,,강영희 | ECO PHOTO ARCHIVE,1.0,,,
목화 | ECO PHOTO ARCHIVE,1.0,,,,,,,,강혹구 | ECO PHOTO ARCHIVE,1.0,,,
목화전북 부안02 | ECO PHOTO ARCHIVE,1.0,,,,,,,,개발 > 작가 | ECO PHOTO ARCHIVE,1.0,,,
무더움 | ECO PHOTO ARCHIVE,1.0,,,,,,,,개포동 그곳 프로젝트 > 작가 | ECO PHOTO ARCHIVE,1.0,,,
물 절약 | ECO PHOTO ARCHIVE,1.0,,,,,,,,갤러리 15 페이지 | ECO PHOTO ARCHIVE,1.0,,,
물푸레나무 | ECO PHOTO ARCHIVE,1.0,,,,,,,,갤러리 350 페이지 | ECO PHOTO ARCHIVE,1.0,,,
묾 | ECO PHOTO ARCHIVE,1.0,,,,,,,,갤러리 6 페이지 | ECO PHOTO ARCHIVE,1.0,,,
미세 | ECO PHOTO ARCHIVE,1.0,,,,,,,,갤러리 7 페이지 | ECO PHOTO ARCHIVE,1.0,,,
박정근 > 작가 | ECO PHOTO ARCHIVE,1.0,,,,,,,,갤러리 8 페이지 | ECO PHOTO ARCHIVE,1.0,,,
박종우443 | ECO PHOTO ARCHIVE,1.0,,,,,,,,갤러리 9 페이지 | ECO PHOTO ARCHIVE,1.0,,,
박종우471 | ECO PHOTO ARCHIVE,1.0,,,,,,,,갤러리 글쓰기 | ECO PHOTO ARCHIVE,1.0,,,
박태희0001 | ECO PHOTO ARCHIVE,1.0,,,,,,,,겨울 | ECO PHOTO ARCHIVE,1.0,,,
박판성 | ECO PHOTO ARCHIVE,1.0,,,,,,,,겨울깃 > 작가 | ECO PHOTO ARCHIVE,1.0,,,
밤하늘 별 | ECO PHOTO ARCHIVE,1.0,,,,,,,,고요한 경계 > 갤러리 | ECO PHOTO ARCHIVE,1.0,,,
백선 | ECO PHOTO ARCHIVE,1.0,,,,,,,,고요한 경계 > 작가 | ECO PHOTO ARCHIVE,1.0,,,
뱀닭 | ECO PHOTO ARCHIVE,1.0,,,,,,,,고장난 섬 > 작가 | ECO PHOTO ARCHIVE,1.0,,,
뱀오이 | ECO PHOTO ARCHIVE,1.0,,,,,,,,고장난섬 > 작가 | ECO PHOTO ARCHIVE,1.0,,,
벼 1 | ECO PHOTO ARCHIVE,1.0,,,,,,,,고천암호 > 작가 | ECO PHOTO ARCHIVE,1.0,,,
벼 15 | ECO PHOTO ARCHIVE,1.0,,,,,,,,골프장 | ECO PHOTO ARCHIVE,1.0,,,
벼 21 | ECO PHOTO ARCHIVE,1.0,,,,,,,,곶자왈 숲의 기록 > 작가 | ECO PHOTO ARCHIVE,1.0,,,
벼 9 | ECO PHOTO ARCHIVE,1.0,,,,,,,,교육 | ECO PHOTO ARCHIVE,1.0,,,
벼 | ECO PHOTO ARCHIVE,1.0,,,,,,,,구이유 | ECO PHOTO ARCHIVE,1.0,,,
볍씨 | ECO PHOTO ARCHIVE,1.0,,,,,,,,국제연대 > 작가 | ECO PHOTO ARCHIVE,1.0,,,
봄나물 | ECO PHOTO ARCHIVE,1.0,,,,,,,,그린벨트에 관한 메모 > 작가 | ECO PHOTO ARCHIVE,1.0,,,
부석사의 가람 | ECO PHOTO ARCHIVE,1.0,,,,,,,,김언지 | ECO PHOTO ARCHIVE,1.0,,,
부엌 | ECO PHOTO ARCHIVE,1.0,,,,,,,,김정대 | ECO PHOTO ARCHIVE,1.0,,,
북극곰의 눈물 | ECO PHOTO ARCHIVE,1.0,,,,,,,,김지연 | ECO PHOTO ARCHIVE,1.0,,,
사대강 이동문 | ECO PHOTO ARCHIVE,1.0,,,,,,,,김탑수 | ECO PHOTO ARCHIVE,1.0,,,
사대같 | ECO PHOTO ARCHIVE,1.0,,,,,,,,김흥구 | ECO PHOTO ARCHIVE,1.0,,,
산 | ECO PHOTO ARCHIVE,1.0,,,,,,,,나를 품은 살갗 > 작가 | ECO PHOTO ARCHIVE,1.0,,,
산꿩의 다리 | ECO PHOTO ARCHIVE,1.0,,,,,,,,낙동강페놀 | ECO PHOTO ARCHIVE,1.0,,,
삼락의 깃발 강오석 | ECO PHOTO ARCHIVE,1.0,,,,,,,,남쪽의 시간 > 작가 | ECO PHOTO ARCHIVE,1.0,,,
상광어 | ECO PHOTO ARCHIVE,1.0,,,,,,,,는 | ECO PHOTO ARCHIVE,1.0,,,
상도동 | ECO PHOTO ARCHIVE,1.0,,,,,,,,달력 | ECO PHOTO ARCHIVE,1.0,,,
상여 나가는 날에 | ECO PHOTO ARCHIVE,1.0,,,,,,,,도시 | ECO PHOTO ARCHIVE,1.0,,,
새끼 길고양이 | ECO PHOTO ARCHIVE,1.0,,,,,,,,동교동 | ECO PHOTO ARCHIVE,1.0,,,
서울 아차산01 | ECO PHOTO ARCHIVE,1.0,,,,,,,,"동물보호,대기오염 > 작가 | ECO PHOTO ARCHIVE",1.0,,,
서울 중구 신당동 | ECO PHOTO ARCHIVE,1.0,,,,,,,,리일천 > 작가 | ECO PHOTO ARCHIVE,1.0,,,
서해 구지도 해병대 포격 훈련장 | ECO PHOTO ARCHIVE,1.0,,,,,,,,매향리 | ECO PHOTO ARCHIVE,1.0,,,
서해 구지도서해 | ECO PHOTO ARCHIVE,1.0,,,,,,,,미세먼지 | ECO PHOTO ARCHIVE,1.0,,,
서해구지도 > 작가 | ECO PHOTO ARCHIVE,1.0,,,,,,,,"바다해양,기후위기,태안기름유출 > 작가 | ECO PHOTO ARCHIVE",1.0,,,
서해안태안군 학암포 | ECO PHOTO ARCHIVE,1.0,,,,,,,,박기호 | ECO PHOTO ARCHIVE,1.0,,,
석탄 | ECO PHOTO ARCHIVE,1.0,,,,,,,,박부곤 | ECO PHOTO ARCHIVE,1.0,,,
성남훈 | ECO PHOTO ARCHIVE,1.0,,,,,,,,박종우 | ECO PHOTO ARCHIVE,1.0,,,
세계환경의날 | ECO PHOTO ARCHIVE,1.0,,,,,,,,박종호 :: | ECO PHOTO ARCHIVE,1.0,,,
소우주 | ECO PHOTO ARCHIVE,1.0,,,,,,,,박찬원 :: 경주마 | ECO PHOTO ARCHIVE,1.0,,,
속초 청처호 | ECO PHOTO ARCHIVE,1.0,,,,,,,,박찬원 | ECO PHOTO ARCHIVE,1.0,,,
속초 청초호 20년기록 | ECO PHOTO ARCHIVE,1.0,,,,,,,,박태희 > 작가 | ECO PHOTO ARCHIVE,1.0,,,
솔방울 | ECO PHOTO ARCHIVE,1.0,,,,,,,,박태희 | ECO PHOTO ARCHIVE,1.0,,,
송광사70 | ECO PHOTO ARCHIVE,1.0,,,,,,,,반핵 > 작가 | ECO PHOTO ARCHIVE,1.0,,,
송광사92 | ECO PHOTO ARCHIVE,1.0,,,,,,,,반핵2 > 작가 | ECO PHOTO ARCHIVE,1.0,,,
송광사93 | ECO PHOTO ARCHIVE,1.0,,,,,,,,"백두산,시화호,광우병 > 작가 | ECO PHOTO ARCHIVE",1.0,,,
송전탑 > 작가 | ECO PHOTO ARCHIVE,1.0,,,,,,,,버드송 > 작가 | ECO PHOTO ARCHIVE,1.0,,,
송전탑 | ECO PHOTO ARCHIVE,1.0,,,,,,,,블루카본 | ECO PHOTO ARCHIVE,1.0,,,
송전탑 경기 구리 | ECO PHOTO ARCHIVE,1.0,,,,,,,,사대강 > 작가 | ECO PHOTO ARCHIVE,1.0,,,
송전탑 경기 하남01 | ECO PHOTO ARCHIVE,1.0,,,,,,,,사대강대 | ECO PHOTO ARCHIVE,1.0,,,
송하나 > 에코포토 | ECO PHOTO ARCHIVE,1.0,,,,,,,,사진여정 > 작가 | ECO PHOTO ARCHIVE,1.0,,,
수선 아내판 | ECO PHOTO ARCHIVE,1.0,,,,,,,,상원사 | ECO PHOTO ARCHIVE,1.0,,,
수선 안내판 | ECO PHOTO ARCHIVE,1.0,,,,,,,,새 | ECO PHOTO ARCHIVE,1.0,,,
수원 | ECO PHOTO ARCHIVE,1.0,,,,,,,,새글 | ECO PHOTO ARCHIVE,1.0,,,
수질 | ECO PHOTO ARCHIVE,1.0,,,,,,,,새만금 > 작가 | ECO PHOTO ARCHIVE,1.0,,,
수확 1 | ECO PHOTO ARCHIVE,1.0,,,,,,,,새만금2 > 작가 | ECO PHOTO ARCHIVE,1.0,,,
수확 33 | ECO PHOTO ARCHIVE,1.0,,,,,,,,새호리기 | ECO PHOTO ARCHIVE,1.0,,,
숲과절 > 작가 | 그누보드5,1.0,,,,,,,,"생명안전,식품안전,석면,공단 > 작가 | ECO PHOTO ARCHIVE",1.0,,,
스리마일 | ECO PHOTO ARCHIVE,1.0,,,,,,,,생명의숲 | ECO PHOTO ARCHIVE,1.0,,,
시장 ; instability 10 > 에코포토 | ECO PHOTO ARCHIVE,1.0,,,,,,,,생태 > 작가 | ECO PHOTO ARCHIVE,1.0,,,
시제상 | ECO PHOTO ARCHIVE,1.0,,,,,,,,생태 골프장 > 작가 | ECO PHOTO ARCHIVE,1.0,,,
심재덕 | ECO PHOTO ARCHIVE,1.0,,,,,,,,서울 | ECO PHOTO ARCHIVE,1.0,,,
쌈채소 | ECO PHOTO ARCHIVE,1.0,,,,,,,,"성남훈 :: 우즈베키스탄, 사막화_모인 악크 | ECO PHOTO ARCHIVE",1.0,,,
썰매 | ECO PHOTO ARCHIVE,1.0,,,,,,,,수질 > 작가 | ECO PHOTO ARCHIVE,1.0,,,
씨프린스 | ECO PHOTO ARCHIVE,1.0,,,,,,,,숨 결 > 작가 | ECO PHOTO ARCHIVE,1.0,,,
아산 | ECO PHOTO ARCHIVE,1.0,,,,,,,,신고리 | ECO PHOTO ARCHIVE,1.0,,,
아욱 | ECO PHOTO ARCHIVE,1.0,,,,,,,,신웅재 | ECO PHOTO ARCHIVE,1.0,,,
아이 | ECO PHOTO ARCHIVE,1.0,,,,,,,,신희수 | ECO PHOTO ARCHIVE,1.0,,,
아카시아 | ECO PHOTO ARCHIVE,1.0,,,,,,,,심규동 | ECO PHOTO ARCHIVE,1.0,,,
안산 | ECO PHOTO ARCHIVE,1.0,,,,,,,,안홍범 | ECO PHOTO ARCHIVE,1.0,,,
양정모 | ECO PHOTO ARCHIVE,1.0,,,,,,,,야생동물 | ECO PHOTO ARCHIVE,1.0,,,
어구를 거두는 사람들 > 작가 | ECO PHOTO ARCHIVE,1.0,,,,,,,,엄상빈 | ECO PHOTO ARCHIVE,1.0,,,
어린이대공원01 | ECO PHOTO ARCHIVE,1.0,,,,,,,,에너지 | ECO PHOTO ARCHIVE,1.0,,,
어린이대공원02 | ECO PHOTO ARCHIVE,1.0,,,,,,,,에코포토 11 페이지 | ECO PHOTO ARCHIVE,1.0,,,
어욱 | ECO PHOTO ARCHIVE,1.0,,,,,,,,에코포토 12 페이지 | ECO PHOTO ARCHIVE,1.0,,,
어의도 마을길 | ECO PHOTO ARCHIVE,1.0,,,,,,,,에코포토 15 페이지 | ECO PHOTO ARCHIVE,1.0,,,
어의도 소나무 | ECO PHOTO ARCHIVE,1.0,,,,,,,,영희 | ECO PHOTO ARCHIVE,1.0,,,
어의도 죽은 나무 | ECO PHOTO ARCHIVE,1.0,,,,,,,,오석근 :: 창밖의 풍경만이 내가 볼 수 있는 세계라면 | ECO PHOTO ARCHIVE,1.0,,,
엄살만 | ECO PHOTO ARCHIVE,1.0,,,,,,,,오석근 | ECO PHOTO ARCHIVE,1.0,,,
에너지 절약 | ECO PHOTO ARCHIVE,1.0,,,,,,,,온산볃 | ECO PHOTO ARCHIVE,1.0,,,
에코포토 11 페이지 | ECO PHOTO ARCHIVE,1.0,,,,,,,,옷 | ECO PHOTO ARCHIVE,1.0,,,
에코포토 13 페이지 | ECO PHOTO ARCHIVE,1.0,,,,,,,,용담 위로 나는 새 > 작가 | ECO PHOTO ARCHIVE,1.0,,,
에코포토 6 페이지 | ECO PHOTO ARCHIVE,1.0,,,,,,,,용담댐 > 작가 | ECO PHOTO ARCHIVE,1.0,,,
에코포토 9 페이지 | ECO PHOTO ARCHIVE,1.0,,,,,,,,우물 | ECO PHOTO ARCHIVE,1.0,,,
여름 > 작가 | ECO PHOTO ARCHIVE,1.0,,,,,,,,우주 | ECO PHOTO ARCHIVE,1.0,,,
여수 | ECO PHOTO ARCHIVE,1.0,,,,,,,,"우즈베키스탄, 사막화(모인 악크) > 작가 | ECO PHOTO ARCHIVE",1.0,,,
연잎 | ECO PHOTO ARCHIVE,1.0,,,,,,,,"우즈베키스탄, 사막화-모인 악크 > 작가 | ECO PHOTO ARCHIVE",1.0,,,
열대성 어류 | ECO PHOTO ARCHIVE,1.0,,,,,,,,"우즈베키스탄, 사막화_ 모인 악크 > 작가 | ECO PHOTO ARCHIVE",1.0,,,
영화제 | ECO PHOTO ARCHIVE,1.0,,,,,,,,"우즈베키스탄, 사막화_모인 악크 > 작가 | ECO PHOTO ARCHIVE",1.0,,,
오쇠리 044 | ECO PHOTO ARCHIVE,1.0,,,,,,,,월천리 솔섬 > 작가 | ECO PHOTO ARCHIVE,1.0,,,
온산 이기명 | ECO PHOTO ARCHIVE,1.0,,,,,,,,웹진 글답변 | ECO PHOTO ARCHIVE,1.0,,,
올방개묵 | ECO PHOTO ARCHIVE,1.0,,,,,,,,이가명 | ECO PHOTO ARCHIVE,1.0,,,
우렁이 | ECO PHOTO ARCHIVE,1.0,,,,,,,,이건영 | ECO PHOTO ARCHIVE,1.0,,,
우이도 농지 | ECO PHOTO ARCHIVE,1.0,,,,,,,,이기명 | ECO PHOTO ARCHIVE,1.0,,,
우이도 선착장 | ECO PHOTO ARCHIVE,1.0,,,,,,,,이성수 :: 동강 | ECO PHOTO ARCHIVE,1.0,,,
우이도 소멸된 마을 | ECO PHOTO ARCHIVE,1.0,,,,,,,,이성수 :: 사대강 | ECO PHOTO ARCHIVE,1.0,,,
우천시 | ECO PHOTO ARCHIVE,1.0,,,,,,,,이성수 :: 생태 | ECO PHOTO ARCHIVE,1.0,,,
울산 태화강01 | ECO PHOTO ARCHIVE,1.0,,,,,,,,이성수 :: 생태 골프장 | ECO PHOTO ARCHIVE,1.0,,,
원전사고 | ECO PHOTO ARCHIVE,1.0,,,,,,,,이성수 :: 후쿠시마 핵오염수 | ECO PHOTO ARCHIVE,1.0,,,
원흥이방죽 | ECO PHOTO ARCHIVE,1.0,,,,,,,,이성수 함께사는길 > 작가 | ECO PHOTO ARCHIVE,1.0,,,
유색벼 | ECO PHOTO ARCHIVE,1.0,,,,,,,,"이성수, 함께사는길 > 작가 | ECO PHOTO ARCHIVE",1.0,,,
유엔환경개발회의 | ECO PHOTO ARCHIVE,1.0,,,,,,,,이성수함께사는길 > 작가 | ECO PHOTO ARCHIVE,1.0,,,
육식 | ECO PHOTO ARCHIVE,1.0,,,,,,,,이일천 | ECO PHOTO ARCHIVE,1.0,,,
윤창수 > THEME PHOTO | 그누보드5,1.0,,,,,,,,이재용 | ECO PHOTO ARCHIVE,1.0,,,
은평 뉴타운 | ECO PHOTO ARCHIVE,1.0,,,,,,,,이한구 | ECO PHOTO ARCHIVE,1.0,,,
은평 뉴타운20022020 027 | ECO PHOTO ARCHIVE,1.0,,,,,,,,인류세 | ECO PHOTO ARCHIVE,1.0,,,
은평 뉴타운20022020 | ECO PHOTO ARCHIVE,1.0,,,,,,,,"인물,풍경,댐,아셈회의 > 작가 | ECO PHOTO ARCHIVE",1.0,,,
은하계와 우주 | ECO PHOTO ARCHIVE,1.0,,,,,,,,임안나 > 작가 | ECO PHOTO ARCHIVE,1.0,,,
음식물쓰레기 | ECO PHOTO ARCHIVE,1.0,,,,,,,,임채욱 > 작가 | ECO PHOTO ARCHIVE,1.0,,,
읔 | ECO PHOTO ARCHIVE,1.0,,,,,,,,자료 | ECO PHOTO ARCHIVE,1.0,,,
이기명 :: 어구를 거두는 사람들 | 그누보드5,1.0,,,,,,,,자원 | ECO PHOTO ARCHIVE,1.0,,,
이기명 :: 온산당월 | 그누보드5,1.0,,,,,,,,장영희 | ECO PHOTO ARCHIVE,1.0,,,
이기명 > 작가 | ECO PHOTO ARCHIVE,1.0,,,,,,,,장재연이 바다생물을 촬영하는 모습 > 갤러리 | ECO PHOTO ARCHIVE,1.0,,,
이기명 > 작가 | 그누보드5,1.0,,,,,,,,전주 | ECO PHOTO ARCHIVE,1.0,,,
이기명 | ECO PHOTO ARCHIVE,1.0,,,,,,,,전형무 > 작가 | ECO PHOTO ARCHIVE,1.0,,,
이끼 | ECO PHOTO ARCHIVE,1.0,,,,,,,,젅 | ECO PHOTO ARCHIVE,1.0,,,
이끼서울 아차산01 | ECO PHOTO ARCHIVE,1.0,,,,,,,,제주환경운동연합 | ECO PHOTO ARCHIVE,1.0,,,
이동근 > THEME PHOTO | 그누보드5,1.0,,,,,,,,조선희 | ECO PHOTO ARCHIVE,1.0,,,
이동근 | ECO PHOTO ARCHIVE,1.0,,,,,,,,조우혜 태안 | ECO PHOTO ARCHIVE,1.0,,,
이동근 | 그누보드5,1.0,,,,,,,,주도양 | ECO PHOTO ARCHIVE,1.0,,,
이산들 > 에코포토 | ECO PHOTO ARCHIVE,1.0,,,,,,,,지리산 가는 길 > 작가 | ECO PHOTO ARCHIVE,1.0,,,
이상일 | ECO PHOTO ARCHIVE,1.0,,,,,,,,지리산가는길 > 작가 | ECO PHOTO ARCHIVE,1.0,,,
이세현 | ECO PHOTO ARCHIVE,1.0,,,,,,,,지성배 > 작가 | ECO PHOTO ARCHIVE,1.0,,,
이승복 | ECO PHOTO ARCHIVE,1.0,,,,,,,,지성배 | ECO PHOTO ARCHIVE,1.0,,,
이준표 | ECO PHOTO ARCHIVE,1.0,,,,,,,,집회 | ECO PHOTO ARCHIVE,1.0,,,
이희망 > 에코포토 | ECO PHOTO ARCHIVE,1.0,,,,,,,,참여 | ECO PHOTO ARCHIVE,1.0,,,
인동초 | ECO PHOTO ARCHIVE,1.0,,,,,,,,창밖의 풍경만이 내가 볼 수 있는 세계라면 > 작가 | ECO PHOTO ARCHIVE,1.0,,,
인제 도라지 | ECO PHOTO ARCHIVE,1.0,,,,,,,,청계천 | ECO PHOTO ARCHIVE,1.0,,,
인터넷선 | ECO PHOTO ARCHIVE,1.0,,,,,,,,최광호 > 작가 | ECO PHOTO ARCHIVE,1.0,,,
일회용컵 | ECO PHOTO ARCHIVE,1.0,,,,,,,,최광호 | ECO PHOTO ARCHIVE,1.0,,,
일회용컵보증금 | ECO PHOTO ARCHIVE,1.0,,,,,,,,최연하 | ECO PHOTO ARCHIVE,1.0,,,
일회용품 | ECO PHOTO ARCHIVE,1.0,,,,,,,,코로 나오는 풍경 > 작가 | ECO PHOTO ARCHIVE,1.0,,,
임안나 > 작가 | ECO PHOTO ARCHIVE,1.0,,,,,,,,탈핵 | ECO PHOTO ARCHIVE,1.0,,,
자연재해 | ECO PHOTO ARCHIVE,1.0,,,,,,,,태백의 산 > 작가 | ECO PHOTO ARCHIVE,1.0,,,
장재연 | ECO PHOTO ARCHIVE,1.0,,,,,,,,폐놀 | ECO PHOTO ARCHIVE,1.0,,,
장재연 사장님 인터뷰 > 작가 | ECO PHOTO ARCHIVE,1.0,,,,,,,,포스코의 역군들 > 작가 | ECO PHOTO ARCHIVE,1.0,,,
장재연 숲과 나눔 | ECO PHOTO ARCHIVE,1.0,,,,,,,,포유류 | ECO PHOTO ARCHIVE,1.0,,,
장재연 이사장님 인터뷰 > 작가 | ECO PHOTO ARCHIVE,1.0,,,,,,,,폭설 | ECO PHOTO ARCHIVE,1.0,,,
전원주택단지 | ECO PHOTO ARCHIVE,1.0,,,,,,,,풍력 | ECO PHOTO ARCHIVE,1.0,,,
전은선 | ECO PHOTO ARCHIVE,1.0,,,,,,,,플라스틱 전원일기 > 작가 | ECO PHOTO ARCHIVE,1.0,,,
전홍식 | ECO PHOTO ARCHIVE,1.0,,,,,,,,플로깅 | ECO PHOTO ARCHIVE,1.0,,,
절약 | ECO PHOTO ARCHIVE,1.0,,,,,,,,한금선 | ECO PHOTO ARCHIVE,1.0,,,
정선 | ECO PHOTO ARCHIVE,1.0,,,,,,,,한탄강 | ECO PHOTO ARCHIVE,1.0,,,
정선72 | ECO PHOTO ARCHIVE,1.0,,,,,,,,함께사는길 주요사진 > 작가 | ECO PHOTO ARCHIVE,1.0,,,
제기와 | ECO PHOTO ARCHIVE,1.0,,,,,,,,해냐 | ECO PHOTO ARCHIVE,1.0,,,
제주 | ECO PHOTO ARCHIVE,1.0,,,,,,,,"행사,생태 > 작가 | ECO PHOTO ARCHIVE",1.0,,,
조병옥 | ECO PHOTO ARCHIVE,1.0,,,,,,,,호수 | ECO PHOTO ARCHIVE,1.0,,,
조병욱 | ECO PHOTO ARCHIVE,1.0,,,,,,,,화려한 19금 만다린피시 > 갤러리 | ECO PHOTO ARCHIVE,1.0,,,
조선희 > 작가 | ECO PHOTO ARCHIVE,1.0,,,,,,,,환경오염 | ECO PHOTO ARCHIVE,1.0,,,
조우혜 WooH06HebeiTaean | ECO PHOTO ARCHIVE,1.0,,,,,,,,황규태 | ECO PHOTO ARCHIVE,1.0,,,
조우혜 | ECO PHOTO ARCHIVE,1.0,,,,,,,,후쿠시마 핵오염수 > 작가 | ECO PHOTO ARCHIVE,1.0,,,
조현택 | ECO PHOTO ARCHIVE,1.0,,,,,,,,Daeyeon Cho :: Hora en el Sur | ARCHIVO DE FOTOS ECO,0.0,,,
죽은 바다새들 | ECO PHOTO ARCHIVE,1.0,,,,,,,,"Daeyeon Cho :: Un paisaje hermoso y triste, Saemangeum | ARCHIVO DE FOTOS ECO",0.0,,,
지구온난화 | ECO PHOTO ARCHIVE,1.0,,,,,,,,FOTO ECO | ARCHIVO DE FOTOS ECO,0.0,,,
채식 | ECO PHOTO ARCHIVE,1.0,,,,,,,,FOTÓGRAFO | ARCHIVO DE FOTOS ECO,0.0,,,
천안아산 | ECO PHOTO ARCHIVE,1.0,,,,,,,,ISSUE 64 _ EPA Artist _ Kim Young-rae > Webzine | ECO PHOTO ARCHIVE,0.0,,,
천연기념물 제2051호 | ECO PHOTO ARCHIVE,1.0,,,,,,,,Kang Hong-gu :: Osori scenery | ECO PHOTO ARCHIVE,0.0,,,
철원01 | ECO PHOTO ARCHIVE,1.0,,,,,,,,ЭКО ФОТО | АРХИВ ЭКО ФОТО,0.0,,,
철원02 | ECO PHOTO ARCHIVE,1.0,,,,,,,,摄影师 |生态照片档案,0.0,,,
철원03 | ECO PHOTO ARCHIVE,1.0,,,,,,,,鄭奉彩 :: 西牛浦濕地 | ECO PHOTO ARCHIVE,0.0,,,
청머루 | ECO PHOTO ARCHIVE,1.0,,,,,,,,,,,,
최광호 > 작가 | ECO PHOTO ARCHIVE,1.0,,,,,,,,,,,,
최연하 | ECO PHOTO ARCHIVE,1.0,,,,,,,,,,,,
최열 | ECO PHOTO ARCHIVE,1.0,,,,,,,,,,,,
최영진 김제 거천2009013125U0270전라북도 김제시 진봉면 심포리 거전 | ECO PHOTO ARCHIVE,1.0,,,,,,,,,,,,
충북 음성02 | ECO PHOTO ARCHIVE,1.0,,,,,,,,,,,,
친환경 | ECO PHOTO ARCHIVE,1.0,,,,,,,,,,,,
코로나 광주 > 작가 | ECO PHOTO ARCHIVE,1.0,,,,,,,,,,,,
코로나 자화상 - Lynn > 에코포토 | ECO PHOTO ARCHIVE,1.0,,,,,,,,,,,,
코로나시대 공원벤치 | ECO PHOTO ARCHIVE,1.0,,,,,,,,,,,,
코로나시대 공원벤치 서울 마포 경의선숲길01 | ECO PHOTO ARCHIVE,1.0,,,,,,,,,,,,
코로나오는 풍경 | ECO PHOTO ARCHIVE,1.0,,,,,,,,,,,,
코비드 | ECO PHOTO ARCHIVE,1.0,,,,,,,,,,,,
태권도장 | ECO PHOTO ARCHIVE,1.0,,,,,,,,,,,,
태안 | ECO PHOTO ARCHIVE,1.0,,,,,,,,,,,,
태양광 | ECO PHOTO ARCHIVE,1.0,,,,,,,,,,,,
토끼풀 | ECO PHOTO ARCHIVE,1.0,,,,,,,,,,,,
토란꽃 | ECO PHOTO ARCHIVE,1.0,,,,,,,,,,,,
파라카스 | ECO PHOTO ARCHIVE,1.0,,,,,,,,,,,,
팔당호 | ECO PHOTO ARCHIVE,1.0,,,,,,,,,,,,
페놀 | ECO PHOTO ARCHIVE,1.0,,,,,,,,,,,,
펭귄 | ECO PHOTO ARCHIVE,1.0,,,,,,,,,,,,
폐기물 | ECO PHOTO ARCHIVE,1.0,,,,,,,,,,,,
포토그램 > 작가 | 그누보드5,1.0,,,,,,,,,,,,
포토그램 | ECO PHOTO ARCHIVE,1.0,,,,,,,,,,,,
포항 | ECO PHOTO ARCHIVE,1.0,,,,,,,,,,,,
하늘 1 | ECO PHOTO ARCHIVE,1.0,,,,,,,,,,,,
하지권 > 작가 | 그누보드5,1.0,,,,,,,,,,,,
하지권 | ECO PHOTO ARCHIVE,1.0,,,,,,,,,,,,
학암포 | ECO PHOTO ARCHIVE,1.0,,,,,,,,,,,,
한강시민공원 2002 001 | ECO PHOTO ARCHIVE,1.0,,,,,,,,,,,,
한강화 | ECO PHOTO ARCHIVE,1.0,,,,,,,,,,,,
한국기름유출사고 20 | ECO PHOTO ARCHIVE,1.0,,,,,,,,,,,,
한금선 | ECO PHOTO ARCHIVE,1.0,,,,,,,,,,,,
한성필 > 작가 | ECO PHOTO ARCHIVE,1.0,,,,,,,,,,,,
해녀 | ECO PHOTO ARCHIVE,1.0,,,,,,,,,,,,
호리꽃등에01 | ECO PHOTO ARCHIVE,1.0,,,,,,,,,,,,
호리꽃등에03 | ECO PHOTO ARCHIVE,1.0,,,,,,,,,,,,
호미곶 | ECO PHOTO ARCHIVE,1.0,,,,,,,,,,,,
호박꽃 | ECO PHOTO ARCHIVE,1.0,,,,,,,,,,,,
호박꽃강원 인제01 | ECO PHOTO ARCHIVE,1.0,,,,,,,,,,,,
홍수 | ECO PHOTO ARCHIVE,1.0,,,,,,,,,,,,
화장장 | ECO PHOTO ARCHIVE,1.0,,,,,,,,,,,,
환경사진보고서 | ECO PHOTO ARCHIVE,1.0,,,,,,,,,,,,
환경연합 | ECO PHOTO ARCHIVE,1.0,,,,,,,,,,,,
환경오염 | ECO PHOTO ARCHIVE,1.0,,,,,,,,,,,,
환경의날 | ECO PHOTO ARCHIVE,1.0,,,,,,,,,,,,
황규태 | ECO PHOTO ARCHIVE,1.0,,,,,,,,,,,,
황규태 시리즈 > 작가 | 그누보드5,1.0,,,,,,,,,,,,
회원 가입 | 그누보드5,1.0,,,,,,,,,,,,
회원가입약관 | 그누보드5,1.0,,,,,,,,,,,,
FOTOGRAFO | ARCHIVIO FOTO ECOLOGICO,0.0,,,,,,,,,,,,
ISSUE01_ EPA Research <Youth who documented the heat-related illness through photos> > Webzine | ECO PHOTO ARCHIVE,0.0,,,,,,,,,,,,
